genbank,clade,clade_display,clade_who,clade_nextstrain,partiallyAliased,Nextclade_pango,qc.overallScore,qc.overallStatus,totalSubstitutions,totalDeletions,totalInsertions,totalFrameShifts,totalMissing,totalNonACGTNs,totalAminoacidSubstitutions,totalAminoacidDeletions,totalAminoacidInsertions,totalUnknownAa,alignmentScore,alignmentStart,alignmentEnd,coverage,isReverseComplement,substitutions,deletions,insertions,frameShifts,aaSubstitutions,aaDeletions,aaInsertions,privateNucMutations.reversionSubstitutions,privateNucMutations.labeledSubstitutions,privateNucMutations.unlabeledSubstitutions,privateNucMutations.totalReversionSubstitutions,privateNucMutations.totalLabeledSubstitutions,privateNucMutations.totalUnlabeledSubstitutions,privateNucMutations.totalPrivateSubstitutions,missing,founderMuts..clade...nodeName,founderMuts..clade...substitutions,founderMuts..clade...deletions,founderMuts..clade...aaSubstitutions,founderMuts..clade...aaDeletions,founderMuts..Nextclade_pango...nodeName,founderMuts..Nextclade_pango...substitutions,founderMuts..Nextclade_pango...deletions,founderMuts..Nextclade_pango...aaSubstitutions,founderMuts..Nextclade_pango...aaDeletions,relativeMutations..JN.1..24A....nodeName,relativeMutations..JN.1..24A....substitutions,relativeMutations..JN.1..24A....deletions,relativeMutations..JN.1..24A....aaSubstitutions,relativeMutations..JN.1..24A....aaDeletions,relativeMutations..XBB.1.5..23A....nodeName,relativeMutations..XBB.1.5..23A....substitutions,relativeMutations..XBB.1.5..23A....deletions,relativeMutations..XBB.1.5..23A....aaSubstitutions,relativeMutations..XBB.1.5..23A....aaDeletions,unknownAaRanges,nonACGTNs,qc.missingData.missingDataThreshold,qc.missingData.score,qc.missingData.status,qc.missingData.totalMissing,qc.mixedSites.mixedSitesThreshold,qc.mixedSites.score,qc.mixedSites.status,qc.mixedSites.totalMixedSites,qc.privateMutations.cutoff,qc.privateMutations.excess,qc.privateMutations.score,qc.privateMutations.status,qc.privateMutations.total,qc.snpClusters.clusteredSNPs,qc.snpClusters.score,qc.snpClusters.status,qc.snpClusters.totalSNPs,qc.frameShifts.frameShifts,qc.frameShifts.totalFrameShifts,qc.frameShifts.frameShiftsIgnored,qc.frameShifts.totalFrameShiftsIgnored,qc.frameShifts.score,qc.frameShifts.status,qc.stopCodons.stopCodons,qc.stopCodons.totalStopCodons,qc.stopCodons.score,qc.stopCodons.status,totalPcrPrimerChanges,pcrPrimerChanges,failedCdses,warnings,errors,id,sex,age,hospitalization,death,infection_length,vaccination,vaccine_dose,monoclonal_ab,antivirals,biological_therapy,oxygen_therapy,ct,ct_precision,CD4.CD8.Lymphocyte.Counts,immune_state,collection_date,comorbidity,comorbidity_type,location_country,location_city,sample_type,symptom,symptom_type,CCI_score,study_id,numeric_age,age_group,treatment_type
ON193425,21K,21K (BA.1),Omicron,21K,BA.1.23,BA.1.23,8.055147,good,59,39,9,0,1058,0,49,16,1,363,87648,65,29768,0.957964084,FALSE,"C241T,A2832G,C3037T,T5386G,G8393A,C10029T,A11537G,T13195C,C14408T,C15240T,A18163G,C21762T,C21846T,C22088T,G22578A,G22599C,T22673C,C22674T,T22679C,C22686T,G22813T,T22882G,G22898A,A22935T,G22992A,C22995A,A23013T,A23040G,G23048A,A23055G,A23063T,T23075C,C23202A,A23403G,C23525T,T23599G,C23603T,C23604A,C23625T,C23854A,G23948T,C24130A,A24424T,T24469A,C24503T,C25000T,C25584T,C26270T,A26530G,C26577G,G26709A,A27259C,C27807T,T27824C,A28271T,C28311T,G28881A,G28882A,G28883C","6513-6515,11285-11293,21765-21770,21987-21995,22194-22196,28362-28370",22204:GAGCCAGAA,,"E:T9I,M:D3G,M:Q19E,M:A63T,N:P13L,N:R203K,N:G204R,ORF1a:K856R,ORF1a:L2084I,ORF1a:A2710T,ORF1a:T3255I,ORF1a:I3758V,ORF1b:P314L,ORF1b:I1566V,ORF9b:P10S,S:A67V,S:T95I,S:Y145D,S:L176F,S:L212I,S:G339D,S:R346T,S:S371L,S:S373P,S:S375F,S:K417N,S:N440K,S:G446S,S:K458M,S:S477N,S:T478K,S:E484V,S:Q493R,S:G496S,S:Q498R,S:N501Y,S:Y505H,S:T547K,S:D614G,S:H655Y,S:N679K,S:P681Y,S:A688V,S:N764K,S:D796Y,S:N856K,S:Q954H,S:N969K,S:L981F","N:E31-,N:R32-,N:S33-,ORF1a:S2083-,ORF1a:L3674-,ORF1a:S3675-,ORF1a:G3676-,ORF9b:E27-,ORF9b:N28-,ORF9b:A29-,S:H69-,S:V70-,S:G142-,S:V143-,S:Y144-,S:N211-",S:214:EPE,G22926T,,"C22088T,C23603T,T27824C",1,0,3,4,"7030-7036,7039-7040,7210-7237,7242-7344,7365-7380,7715-7719,7722-7844,7846-7848,8043-8178,8288-8292,8334-8340,10420-10589,10601-10904,10913-10914,10916-10920,11115-11169,21212-21274,21285-21287,21308-21321,21344-21350",NODE_0000682,"C22088T,G22599C,A22935T,C23013T,C23603T,C23625T,T27824C",,"S:L176F,S:R346T,S:K458M,S:A484V,S:H681Y,S:A688V",,BA.1.23,"C22088T,G22926T,C23603T,T27824C",,"S:L176F,S:W455L,S:H681Y",,N/A,N/A,N/A,N/A,N/A,N/A,N/A,N/A,N/A,N/A,"ORF1a:2256-2257,ORF1a:2259,ORF1a:2315-2324,ORF1a:2326-2360,ORF1a:2367-2372,ORF1a:2484-2528,ORF1a:2593-2638,ORF1a:2675-2676,ORF1a:2690-2692,ORF1a:3386-3442,ORF1a:3446-3547,ORF1a:3550-3552,ORF1a:3617-3635,ORF1b:2582-2603,ORF1b:2606-2607,ORF1b:2614-2618,ORF1b:2626-2628",NA,3000,28.074074,good,1058,10,0,good,0,24,1,4.166667,good,9,,0,good,0,NA,0,,0,0,good,NA,0,0,good,0,NA,NA,NA,NA,P1,M,61-65,Yes,No,64,Yes,3,Immunoglobulin,Remdesiver,NA,NA,19.92385508,exact,,Immunocompromised,3/2/22,Yes,Hematologic malignancy,USA,New York,Nasopharyngeal swab,NA,NA,4,Gonzalez_Reiche_2023,NA,61-65,monoclonal_ab+antivirals
ON196014,21K,21K (BA.1),Omicron,21K,BA.1.23,BA.1.23,0,good,57,39,9,0,0,0,49,16,1,0,88684,65,29758,0.993010735,FALSE,"C241T,A2832G,C3037T,T5386G,G8393A,C10029T,C10449A,A11537G,T13195C,C14408T,C15240T,A18163G,C21762T,C21846T,G22578A,G22599C,T22673C,C22674T,T22679C,C22686T,G22813T,T22882G,G22898A,A22935T,G22992A,C22995A,A23013T,A23040G,G23048A,A23055G,A23063T,T23075C,C23202A,A23403G,C23525T,T23599G,C23604A,C23625T,C23854A,G23948T,C24130A,A24424T,T24469A,C24503T,C25000T,C25584T,C26270T,A26530G,C26577G,G26709A,A27259C,C27807T,A28271T,C28311T,G28881A,G28882A,G28883C","6513-6515,11285-11293,21765-21770,21987-21995,22194-22196,28362-28370",22204:GAGCCAGAA,,"E:T9I,M:D3G,M:Q19E,M:A63T,N:P13L,N:R203K,N:G204R,ORF1a:K856R,ORF1a:L2084I,ORF1a:A2710T,ORF1a:T3255I,ORF1a:P3395H,ORF1a:I3758V,ORF1b:P314L,ORF1b:I1566V,ORF9b:P10S,S:A67V,S:T95I,S:Y145D,S:L212I,S:G339D,S:R346T,S:S371L,S:S373P,S:S375F,S:K417N,S:N440K,S:G446S,S:K458M,S:S477N,S:T478K,S:E484V,S:Q493R,S:G496S,S:Q498R,S:N501Y,S:Y505H,S:T547K,S:D614G,S:H655Y,S:N679K,S:P681H,S:A688V,S:N764K,S:D796Y,S:N856K,S:Q954H,S:N969K,S:L981F","N:E31-,N:R32-,N:S33-,ORF1a:S2083-,ORF1a:L3674-,ORF1a:S3675-,ORF1a:G3676-,ORF9b:E27-,ORF9b:N28-,ORF9b:A29-,S:H69-,S:V70-,S:G142-,S:V143-,S:Y144-,S:N211-",S:214:EPE,G22926T,,,1,0,0,1,,NODE_0000682,"G22599C,A22935T,C23013T,C23625T",,"S:R346T,S:K458M,S:A484V,S:A688V",,BA.1.23,G22926T,,S:W455L,,N/A,N/A,N/A,N/A,N/A,N/A,N/A,N/A,N/A,N/A,,NA,3000,0,good,0,10,0,good,0,24,-2,0,good,6,,0,good,0,NA,0,,0,0,good,NA,0,0,good,0,NA,NA,NA,NA,P1,M,61-65,Yes,No,48,Yes,3,Immunoglobulin,Remdesiver,NA,NA,27.7971155,exact,,Immunocompromised,2/14/22,Yes,Hematologic malignancy,USA,New York,Anterior nares swab,NA,NA,4,Gonzalez_Reiche_2023,NA,61-65,monoclonal_ab+antivirals
ON220529,21K,21K (BA.1),Omicron,21K,BA.1.23,BA.1.23,0,good,60,39,9,0,0,0,51,16,1,0,88672,65,29758,0.993010735,FALSE,"C241T,A2832G,C3037T,T5386G,T6001C,G8393A,C10029T,C10449A,A11537G,T13195C,C14408T,C15240T,A18163G,C21762T,C21846T,G21850T,G22578A,G22599C,T22673C,C22674T,T22679C,C22686T,G22813T,T22882G,G22898A,T22926G,A22935T,G22992A,C22995A,A23013T,A23040G,G23048A,A23055G,A23063T,T23075C,C23202A,A23403G,C23525T,T23599G,C23604A,C23625T,C23854A,G23948T,C24130A,A24424T,T24469A,C24503T,C25000T,C25584T,C26270T,A26530G,C26577G,G26709A,A27259C,C27807T,A28271T,C28311T,G28881A,G28882A,G28883C","6513-6515,11285-11293,21765-21770,21987-21995,22194-22196,28362-28370",22204:GAGCCAGAA,,"E:T9I,M:D3G,M:Q19E,M:A63T,N:P13L,N:R203K,N:G204R,ORF1a:K856R,ORF1a:L2084I,ORF1a:A2710T,ORF1a:T3255I,ORF1a:P3395H,ORF1a:I3758V,ORF1b:P314L,ORF1b:I1566V,ORF9b:P10S,S:A67V,S:T95I,S:E96D,S:Y145D,S:L212I,S:G339D,S:R346T,S:S371L,S:S373P,S:S375F,S:K417N,S:N440K,S:G446S,S:L455W,S:K458M,S:S477N,S:T478K,S:E484V,S:Q493R,S:G496S,S:Q498R,S:N501Y,S:Y505H,S:T547K,S:D614G,S:H655Y,S:N679K,S:P681H,S:A688V,S:N764K,S:D796Y,S:N856K,S:Q954H,S:N969K,S:L981F","N:E31-,N:R32-,N:S33-,ORF1a:S2083-,ORF1a:L3674-,ORF1a:S3675-,ORF1a:G3676-,ORF9b:E27-,ORF9b:N28-,ORF9b:A29-,S:H69-,S:V70-,S:G142-,S:V143-,S:Y144-,S:N211-",S:214:EPE,,,"T6001C,G21850T",0,0,2,2,,NODE_0000682,"T6001C,G21850T,G22599C,T22926G,A22935T,C23013T,C23625T",,"S:E96D,S:R346T,S:L455W,S:K458M,S:A484V,S:A688V",,BA.1.23,"T6001C,G21850T",,S:E96D,,N/A,N/A,N/A,N/A,N/A,N/A,N/A,N/A,N/A,N/A,,NA,3000,0,good,0,10,0,good,0,24,-6,0,good,2,,0,good,0,NA,0,,0,0,good,NA,0,0,good,0,NA,NA,NA,NA,P1,M,61-65,Yes,No,72,Yes,3,Immunoglobulin,Remdesiver,NA,NA,20.75630222,exact,,Immunocompromised,3/10/22,Yes,Hematologic malignancy,USA,New York,Nasopharyngeal swab,NA,NA,4,Gonzalez_Reiche_2023,NA,61-65,monoclonal_ab+antivirals
ON220533,21K,21K (BA.1),Omicron,21K,BA.1.23,BA.1.23,0,good,61,39,9,0,0,0,52,16,1,0,88668,65,29758,0.993010735,FALSE,"C241T,A2832G,C3037T,T5386G,T6001C,G8393A,C10029T,C10449A,A11537G,T13195C,C14408T,C15240T,A18163G,C21762T,C21846T,G21850T,G22578A,G22599C,T22673C,C22674T,T22679C,C22686T,G22813T,T22882G,G22898A,T22926G,A22935T,G22992A,C22995A,A23013T,A23040G,G23048A,A23055G,A23063T,T23075C,C23202A,A23403G,C23525T,T23599G,T23600G,C23604A,C23625T,C23854A,G23948T,C24130A,A24424T,T24469A,C24503T,C25000T,C25584T,C26270T,A26530G,C26577G,G26709A,A27259C,C27807T,A28271T,C28311T,G28881A,G28882A,G28883C","6513-6515,11285-11293,21765-21770,21987-21995,22194-22196,28362-28370",22204:GAGCCAGAA,,"E:T9I,M:D3G,M:Q19E,M:A63T,N:P13L,N:R203K,N:G204R,ORF1a:K856R,ORF1a:L2084I,ORF1a:A2710T,ORF1a:T3255I,ORF1a:P3395H,ORF1a:I3758V,ORF1b:P314L,ORF1b:I1566V,ORF9b:P10S,S:A67V,S:T95I,S:E96D,S:Y145D,S:L212I,S:G339D,S:R346T,S:S371L,S:S373P,S:S375F,S:K417N,S:N440K,S:G446S,S:L455W,S:K458M,S:S477N,S:T478K,S:E484V,S:Q493R,S:G496S,S:Q498R,S:N501Y,S:Y505H,S:T547K,S:D614G,S:H655Y,S:N679K,S:S680A,S:P681H,S:A688V,S:N764K,S:D796Y,S:N856K,S:Q954H,S:N969K,S:L981F","N:E31-,N:R32-,N:S33-,ORF1a:S2083-,ORF1a:L3674-,ORF1a:S3675-,ORF1a:G3676-,ORF9b:E27-,ORF9b:N28-,ORF9b:A29-,S:H69-,S:V70-,S:G142-,S:V143-,S:Y144-,S:N211-",S:214:EPE,,,"T6001C,G21850T,T23600G",0,0,3,3,,NODE_0000682,"T6001C,G21850T,G22599C,T22926G,A22935T,C23013T,T23600G,C23625T",,"S:E96D,S:R346T,S:L455W,S:K458M,S:A484V,S:S680A,S:A688V",,BA.1.23,"T6001C,G21850T,T23600G",,"S:E96D,S:S680A",,N/A,N/A,N/A,N/A,N/A,N/A,N/A,N/A,N/A,N/A,,NA,3000,0,good,0,10,0,good,0,24,-5,0,good,3,,0,good,0,NA,0,,0,0,good,NA,0,0,good,0,NA,NA,NA,NA,P2,F,66-70,Yes,No,0,Yes,3,NA,Nirmatreivir-ritonavir,NA,NA,15.32954005,exact,,Immunocompromised,3/14/22,Yes,Hematologic malignancy,USA,New York,Nasopharyngeal swab,NA,NA,4,Gonzalez_Reiche_2023,NA,66-70,antivirals
ON220539,21K,21K (BA.1),Omicron,21K,BA.1.23,BA.1.23,0,good,57,39,9,0,0,0,49,16,1,0,88690,63,29758,0.993077618,FALSE,"C241T,A2832G,C3037T,T5386G,G8393A,C10029T,C10449A,A11537G,T13195C,C14408T,C15240T,A18163G,C21762T,C21846T,G22578A,G22599C,T22673C,C22674T,T22679C,C22686T,G22813T,T22882G,G22898A,A22935T,G22992A,C22995A,A23013T,A23040G,G23048A,A23055G,A23063T,T23075C,C23202A,A23403G,C23525T,T23599G,C23604A,C23625T,C23854A,G23948T,C24130A,A24424T,T24469A,C24503T,C25000T,C25584T,C26270T,A26530G,C26577G,G26709A,A27259C,C27807T,A28271T,C28311T,G28881A,G28882A,G28883C","6513-6515,11285-11293,21765-21770,21987-21995,22194-22196,28362-28370",22204:GAGCCAGAA,,"E:T9I,M:D3G,M:Q19E,M:A63T,N:P13L,N:R203K,N:G204R,ORF1a:K856R,ORF1a:L2084I,ORF1a:A2710T,ORF1a:T3255I,ORF1a:P3395H,ORF1a:I3758V,ORF1b:P314L,ORF1b:I1566V,ORF9b:P10S,S:A67V,S:T95I,S:Y145D,S:L212I,S:G339D,S:R346T,S:S371L,S:S373P,S:S375F,S:K417N,S:N440K,S:G446S,S:K458M,S:S477N,S:T478K,S:E484V,S:Q493R,S:G496S,S:Q498R,S:N501Y,S:Y505H,S:T547K,S:D614G,S:H655Y,S:N679K,S:P681H,S:A688V,S:N764K,S:D796Y,S:N856K,S:Q954H,S:N969K,S:L981F","N:E31-,N:R32-,N:S33-,ORF1a:S2083-,ORF1a:L3674-,ORF1a:S3675-,ORF1a:G3676-,ORF9b:E27-,ORF9b:N28-,ORF9b:A29-,S:H69-,S:V70-,S:G142-,S:V143-,S:Y144-,S:N211-",S:214:EPE,G22926T,,,1,0,0,1,,NODE_0000682,"G22599C,A22935T,C23013T,C23625T",,"S:R346T,S:K458M,S:A484V,S:A688V",,BA.1.23,G22926T,,S:W455L,,N/A,N/A,N/A,N/A,N/A,N/A,N/A,N/A,N/A,N/A,,NA,3000,0,good,0,10,0,good,0,24,-2,0,good,6,,0,good,0,NA,0,,0,0,good,NA,0,0,good,0,NA,NA,NA,NA,P1,M,61-65,Yes,No,40,Yes,3,Immunoglobulin,Remdesiver,NA,NA,22.33122423,exact,,Immunocompromised,2/6/22,Yes,Hematologic malignancy,USA,New York,Nasopharyngeal swab,NA,NA,4,Gonzalez_Reiche_2023,NA,61-65,monoclonal_ab+antivirals
ON220548,21K,21K (BA.1),Omicron,21K,BA.1,BA.1,0,good,54,39,9,0,0,0,46,16,1,0,88711,60,29758,0.993177942,FALSE,"C241T,A2832G,C3037T,T5386G,G8393A,C10029T,C10449A,A11537G,T13195C,C14408T,C15240T,A18163G,C21762T,C21846T,G22578A,T22673C,C22674T,T22679C,C22686T,G22813T,T22882G,G22898A,G22992A,C22995A,A23013C,A23040G,G23048A,A23055G,A23063T,T23075C,C23202A,A23403G,C23525T,T23599G,C23604A,C23854A,G23948T,C24130A,A24424T,T24469A,C24503T,C25000T,C25584T,C26270T,A26530G,C26577G,G26709A,A27259C,C27807T,A28271T,C28311T,G28881A,G28882A,G28883C","6513-6515,11285-11293,21765-21770,21987-21995,22194-22196,28362-28370",22204:GAGCCAGAA,,"E:T9I,M:D3G,M:Q19E,M:A63T,N:P13L,N:R203K,N:G204R,ORF1a:K856R,ORF1a:L2084I,ORF1a:A2710T,ORF1a:T3255I,ORF1a:P3395H,ORF1a:I3758V,ORF1b:P314L,ORF1b:I1566V,ORF9b:P10S,S:A67V,S:T95I,S:Y145D,S:L212I,S:G339D,S:S371L,S:S373P,S:S375F,S:K417N,S:N440K,S:G446S,S:S477N,S:T478K,S:E484A,S:Q493R,S:G496S,S:Q498R,S:N501Y,S:Y505H,S:T547K,S:D614G,S:H655Y,S:N679K,S:P681H,S:N764K,S:D796Y,S:N856K,S:Q954H,S:N969K,S:L981F","N:E31-,N:R32-,N:S33-,ORF1a:S2083-,ORF1a:L3674-,ORF1a:S3675-,ORF1a:G3676-,ORF9b:E27-,ORF9b:N28-,ORF9b:A29-,S:H69-,S:V70-,S:G142-,S:V143-,S:Y144-,S:N211-",S:214:EPE,,,,0,0,0,0,,NODE_0000682,,,,,NODE_0000682,,,,,N/A,N/A,N/A,N/A,N/A,N/A,N/A,N/A,N/A,N/A,,NA,3000,0,good,0,10,0,good,0,24,-8,0,good,0,,0,good,0,NA,0,,0,0,good,NA,0,0,good,0,NA,NA,NA,NA,P1,M,61-65,Yes,No,23,Yes,3,Immunoglobulin,Remdesiver,NA,NA,26.02014318,exact,,Immunocompromised,1/20/22,Yes,Hematologic malignancy,USA,New York,Nasopharyngeal swab,NA,NA,4,Gonzalez_Reiche_2023,NA,61-65,monoclonal_ab+antivirals
ON220571,21K,21K (BA.1),Omicron,21K,BA.1.23,BA.1.23,0,good,61,39,9,0,0,0,51,16,1,0,88698,65,29768,0.993345149,FALSE,"C241T,A2832G,C3037T,T5386G,G8393A,C10029T,C10449A,A11537G,T13195C,C14408T,C15240T,A18163G,C21762T,C21846T,C22088T,G22578A,G22599C,T22673C,C22674T,T22679C,C22686T,G22813T,T22882G,G22898A,T22926G,A22935T,A22991G,G22992A,C22995A,A23013T,A23040G,G23048A,A23055G,A23063T,T23075C,C23202A,A23403G,C23525T,T23599G,C23603T,C23604A,C23625T,C23854A,G23948T,C24130A,A24424T,T24469A,C24503T,C25000T,C25584T,C26270T,A26530G,C26577G,G26709A,A27259C,C27807T,A28271T,C28311T,G28881A,G28882A,G28883C","6513-6515,11285-11293,21765-21770,21987-21995,22194-22196,28362-28370",22204:GAGCCAGAA,,"E:T9I,M:D3G,M:Q19E,M:A63T,N:P13L,N:R203K,N:G204R,ORF1a:K856R,ORF1a:L2084I,ORF1a:A2710T,ORF1a:T3255I,ORF1a:P3395H,ORF1a:I3758V,ORF1b:P314L,ORF1b:I1566V,ORF9b:P10S,S:A67V,S:T95I,S:Y145D,S:L176F,S:L212I,S:G339D,S:R346T,S:S371L,S:S373P,S:S375F,S:K417N,S:N440K,S:G446S,S:L455W,S:K458M,S:S477D,S:T478K,S:E484V,S:Q493R,S:G496S,S:Q498R,S:N501Y,S:Y505H,S:T547K,S:D614G,S:H655Y,S:N679K,S:P681Y,S:A688V,S:N764K,S:D796Y,S:N856K,S:Q954H,S:N969K,S:L981F","N:E31-,N:R32-,N:S33-,ORF1a:S2083-,ORF1a:L3674-,ORF1a:S3675-,ORF1a:G3676-,ORF9b:E27-,ORF9b:N28-,ORF9b:A29-,S:H69-,S:V70-,S:G142-,S:V143-,S:Y144-,S:N211-",S:214:EPE,,,"C22088T,A22991G,C23603T",0,0,3,3,,NODE_0000682,"C22088T,G22599C,T22926G,A22935T,A22991G,C23013T,C23603T,C23625T",,"S:L176F,S:R346T,S:L455W,S:K458M,S:N477D,S:A484V,S:H681Y,S:A688V",,BA.1.23,"C22088T,A22991G,C23603T",,"S:L176F,S:N477D,S:H681Y",,N/A,N/A,N/A,N/A,N/A,N/A,N/A,N/A,N/A,N/A,,NA,3000,0,good,0,10,0,good,0,24,-5,0,good,3,,0,good,0,NA,0,,0,0,good,NA,0,0,good,0,NA,NA,NA,NA,P1,M,61-65,Yes,No,81,Yes,3,Immunoglobulin,Remdesiver,NA,NA,23.2299618,exact,,Immunocompromised,3/19/22,Yes,Hematologic malignancy,USA,New York,Nasopharyngeal swab,NA,NA,4,Gonzalez_Reiche_2023,NA,61-65,monoclonal_ab+antivirals
ON619382,21K,21K (BA.1),Omicron,21K,BA.1.23,BA.1.23,1.5625,good,62,39,9,0,0,0,52,16,1,0,88673,63,29759,0.993111059,FALSE,"C241T,A2832G,C3037T,T5386G,T6001C,A7399G,G8393A,C10029T,C10449A,A11537G,T13195C,C14408T,C15240T,A18163G,C21762T,C21846T,G21850T,G22578A,G22599C,T22673C,C22674T,T22679C,C22686T,G22813T,T22882G,T22896C,G22898A,T22926G,A22935T,G22992A,C22995A,A23013T,A23040G,G23048A,A23055G,A23063T,T23075C,C23202A,A23403G,C23525T,T23599G,C23604G,C23625T,C23854A,G23948T,C24130A,A24424T,T24469A,C24503T,C25000T,C25584T,C26270T,A26530G,C26577G,G26709A,A27259C,C27807T,A28271T,C28311T,G28881A,G28882A,G28883C","6513-6515,11285-11293,21765-21770,21987-21995,22194-22196,28362-28370",22204:GAGCCAGAA,,"E:T9I,M:D3G,M:Q19E,M:A63T,N:P13L,N:R203K,N:G204R,ORF1a:K856R,ORF1a:L2084I,ORF1a:A2710T,ORF1a:T3255I,ORF1a:P3395H,ORF1a:I3758V,ORF1b:P314L,ORF1b:I1566V,ORF9b:P10S,S:A67V,S:T95I,S:E96D,S:Y145D,S:L212I,S:G339D,S:R346T,S:S371L,S:S373P,S:S375F,S:K417N,S:N440K,S:V445A,S:G446S,S:L455W,S:K458M,S:S477N,S:T478K,S:E484V,S:Q493R,S:G496S,S:Q498R,S:N501Y,S:Y505H,S:T547K,S:D614G,S:H655Y,S:N679K,S:P681R,S:A688V,S:N764K,S:D796Y,S:N856K,S:Q954H,S:N969K,S:L981F","N:E31-,N:R32-,N:S33-,ORF1a:S2083-,ORF1a:L3674-,ORF1a:S3675-,ORF1a:G3676-,ORF9b:E27-,ORF9b:N28-,ORF9b:A29-,S:H69-,S:V70-,S:G142-,S:V143-,S:Y144-,S:N211-",S:214:EPE,,"T22896C|23A&23F&23D&23B&22F&23E&23H&23G,A23604G|21J&21I&24A&21A&24E&24C&24B&23I&24G&21B&24F&24D&24H&24I","T6001C,A7399G,G21850T",0,2,3,5,,NODE_0000682,"T6001C,A7399G,G21850T,G22599C,T22896C,T22926G,A22935T,C23013T,A23604G,C23625T",,"S:E96D,S:R346T,S:V445A,S:L455W,S:K458M,S:A484V,S:H681R,S:A688V",,BA.1.23,"T6001C,A7399G,G21850T,T22896C,A23604G",,"S:E96D,S:V445A,S:H681R",,N/A,N/A,N/A,N/A,N/A,N/A,N/A,N/A,N/A,N/A,,NA,3000,0,good,0,10,0,good,0,24,3,12.5,good,11,,0,good,0,NA,0,,0,0,good,NA,0,0,good,0,NA,NA,NA,NA,P4,F,61-65,Yes,No,21,No,0,NA,Bebtelovimab,NA,NA,32.59833735,exact,,Immunocompromised,5/2/22,Yes,Hematologic malignancy,USA,New York,Nasopharyngeal swab,NA,NA,4,Gonzalez_Reiche_2023,NA,61-65,antivirals
ON854465,21K,21K (BA.1),Omicron,21K,BA.1.23,BA.1.23,8.735309,good,59,39,9,0,1098,0,50,16,1,368,87578,65,29758,0.956292011,FALSE,"C241T,A2832G,C3037T,T5386G,T6001C,G8393A,C10449A,A11537G,T13195C,C14408T,C15240T,A18163G,C21762T,C21846T,G21850T,G22578A,G22599C,T22673C,C22674T,T22679C,C22686T,G22813T,T22882G,G22898A,T22926G,A22935T,G22992A,C22995A,A23013T,A23040G,G23048A,A23055G,A23063T,T23075C,C23202A,A23403G,C23525T,T23599G,C23604G,C23625T,C23854A,G23948T,C24130A,A24424T,T24469A,C24503T,C25000T,C25584T,C26270T,A26530G,C26577G,G26709A,A27259C,C27807T,A28271T,C28311T,G28881A,G28882A,G28883C","6513-6515,11285-11293,21765-21770,21987-21995,22194-22196,28362-28370",22204:GAGCCAGAA,,"E:T9I,M:D3G,M:Q19E,M:A63T,N:P13L,N:R203K,N:G204R,ORF1a:K856R,ORF1a:L2084I,ORF1a:A2710T,ORF1a:P3395H,ORF1a:I3758V,ORF1b:P314L,ORF1b:I1566V,ORF9b:P10S,S:A67V,S:T95I,S:E96D,S:Y145D,S:L212I,S:G339D,S:R346T,S:S371L,S:S373P,S:S375F,S:K417N,S:N440K,S:G446S,S:L455W,S:K458M,S:S477N,S:T478K,S:E484V,S:Q493R,S:G496S,S:Q498R,S:N501Y,S:Y505H,S:T547K,S:D614G,S:H655Y,S:N679K,S:P681R,S:A688V,S:N764K,S:D796Y,S:N856K,S:Q954H,S:N969K,S:L981F","N:E31-,N:R32-,N:S33-,ORF1a:S2083-,ORF1a:L3674-,ORF1a:S3675-,ORF1a:G3676-,ORF9b:E27-,ORF9b:N28-,ORF9b:A29-,S:H69-,S:V70-,S:G142-,S:V143-,S:Y144-,S:N211-",S:214:EPE,,A23604G|21J&21I&24A&21A&24E&24C&24B&23I&24G&21B&24F&24D&24H&24I,"T6001C,G21850T",0,1,2,3,"8947-9132,9157-9182,9184,9209-10069,10172-10186,10220-10228",NODE_0000682,"T6001C,G21850T,G22599C,T22926G,A22935T,C23013T,A23604G,C23625T",,"S:E96D,S:R346T,S:L455W,S:K458M,S:A484V,S:H681R,S:A688V",,BA.1.23,"T6001C,G21850T,A23604G",,"S:E96D,S:H681R",,N/A,N/A,N/A,N/A,N/A,N/A,N/A,N/A,N/A,N/A,"ORF1a:2894-2956,ORF1a:2964-2973,ORF1a:2982-3268,ORF1a:3303-3307,ORF1a:3319-3321",NA,3000,29.555556,good,1098,10,0,good,0,24,-2,0,good,6,,0,good,0,NA,0,,0,0,good,NA,0,0,good,0,NA,NA,NA,NA,P4,F,61-65,Yes,No,7,No,0,NA,Bebtelovimab,NA,NA,26,exact,,Immunocompromised,4/18/22,Yes,Hematologic malignancy,USA,New York,Anterior nares swab,NA,NA,4,Gonzalez_Reiche_2023,NA,61-65,antivirals
ON934030,21K,21K (BA.1),Omicron,21K,BA.1.23,BA.1.23,0,good,60,39,9,0,0,0,51,16,1,0,88681,63,29759,0.993111059,FALSE,"C241T,A2832G,C3037T,T5386G,T6001C,G8393A,C10029T,C10449A,A11537G,T13195C,C14408T,C15240T,A18163G,C21762T,C21846T,G21850T,G22578A,G22599C,T22673C,C22674T,T22679C,C22686T,G22813T,T22882G,G22898A,T22926G,A22935T,G22992A,C22995A,A23013T,A23040G,G23048A,A23055G,A23063T,T23075C,C23202A,A23403G,C23525T,T23599G,C23604G,C23625T,C23854A,G23948T,C24130A,A24424T,T24469A,C24503T,C25000T,C25584T,C26270T,A26530G,C26577G,G26709A,A27259C,C27807T,A28271T,C28311T,G28881A,G28882A,G28883C","6513-6515,11285-11293,21765-21770,21987-21995,22194-22196,28362-28370",22204:GAGCCAGAA,,"E:T9I,M:D3G,M:Q19E,M:A63T,N:P13L,N:R203K,N:G204R,ORF1a:K856R,ORF1a:L2084I,ORF1a:A2710T,ORF1a:T3255I,ORF1a:P3395H,ORF1a:I3758V,ORF1b:P314L,ORF1b:I1566V,ORF9b:P10S,S:A67V,S:T95I,S:E96D,S:Y145D,S:L212I,S:G339D,S:R346T,S:S371L,S:S373P,S:S375F,S:K417N,S:N440K,S:G446S,S:L455W,S:K458M,S:S477N,S:T478K,S:E484V,S:Q493R,S:G496S,S:Q498R,S:N501Y,S:Y505H,S:T547K,S:D614G,S:H655Y,S:N679K,S:P681R,S:A688V,S:N764K,S:D796Y,S:N856K,S:Q954H,S:N969K,S:L981F","N:E31-,N:R32-,N:S33-,ORF1a:S2083-,ORF1a:L3674-,ORF1a:S3675-,ORF1a:G3676-,ORF9b:E27-,ORF9b:N28-,ORF9b:A29-,S:H69-,S:V70-,S:G142-,S:V143-,S:Y144-,S:N211-",S:214:EPE,,A23604G|21J&21I&24A&21A&24E&24C&24B&23I&24G&21B&24F&24D&24H&24I,"T6001C,G21850T",0,1,2,3,,NODE_0000682,"T6001C,G21850T,G22599C,T22926G,A22935T,C23013T,A23604G,C23625T",,"S:E96D,S:R346T,S:L455W,S:K458M,S:A484V,S:H681R,S:A688V",,BA.1.23,"T6001C,G21850T,A23604G",,"S:E96D,S:H681R",,N/A,N/A,N/A,N/A,N/A,N/A,N/A,N/A,N/A,N/A,,NA,3000,0,good,0,10,0,good,0,24,-2,0,good,6,,0,good,0,NA,0,,0,0,good,NA,0,0,good,0,NA,NA,NA,NA,P3,M,36-40,Yes,No,13,Yes,2,NA,Nirmatreivir-ritonavir,NA,NA,24.10822444,exact,,Immunocompromised,4/21/22,Yes,Hematologic malignancy,USA,New York,Nasopharyngeal swab,NA,NA,4,Gonzalez_Reiche_2023,NA,30-39,antivirals
ON934538,21K,21K (BA.1),Omicron,21K,BA.1.23,BA.1.23,0,good,60,39,9,0,0,0,51,16,1,0,88678,63,29758,0.993077618,FALSE,"C241T,A2832G,C3037T,T5386G,T6001C,G8393A,C10029T,C10449A,A11537G,T13195C,C14408T,C15240T,A18163G,C21762T,C21846T,G21850T,G22578A,G22599C,T22673C,C22674T,T22679C,C22686T,G22813T,T22882G,G22898A,T22926G,A22935T,G22992A,C22995A,A23013T,A23040G,G23048A,A23055G,A23063T,T23075C,C23202A,A23403G,C23525T,T23599G,C23604G,C23625T,C23854A,G23948T,C24130A,A24424T,T24469A,C24503T,C25000T,C25584T,C26270T,A26530G,C26577G,G26709A,A27259C,C27807T,A28271T,C28311T,G28881A,G28882A,G28883C","6513-6515,11285-11293,21765-21770,21987-21995,22194-22196,28362-28370",22204:GAGCCAGAA,,"E:T9I,M:D3G,M:Q19E,M:A63T,N:P13L,N:R203K,N:G204R,ORF1a:K856R,ORF1a:L2084I,ORF1a:A2710T,ORF1a:T3255I,ORF1a:P3395H,ORF1a:I3758V,ORF1b:P314L,ORF1b:I1566V,ORF9b:P10S,S:A67V,S:T95I,S:E96D,S:Y145D,S:L212I,S:G339D,S:R346T,S:S371L,S:S373P,S:S375F,S:K417N,S:N440K,S:G446S,S:L455W,S:K458M,S:S477N,S:T478K,S:E484V,S:Q493R,S:G496S,S:Q498R,S:N501Y,S:Y505H,S:T547K,S:D614G,S:H655Y,S:N679K,S:P681R,S:A688V,S:N764K,S:D796Y,S:N856K,S:Q954H,S:N969K,S:L981F","N:E31-,N:R32-,N:S33-,ORF1a:S2083-,ORF1a:L3674-,ORF1a:S3675-,ORF1a:G3676-,ORF9b:E27-,ORF9b:N28-,ORF9b:A29-,S:H69-,S:V70-,S:G142-,S:V143-,S:Y144-,S:N211-",S:214:EPE,,A23604G|21J&21I&24A&21A&24E&24C&24B&23I&24G&21B&24F&24D&24H&24I,"T6001C,G21850T",0,1,2,3,,NODE_0000682,"T6001C,G21850T,G22599C,T22926G,A22935T,C23013T,A23604G,C23625T",,"S:E96D,S:R346T,S:L455W,S:K458M,S:A484V,S:H681R,S:A688V",,BA.1.23,"T6001C,G21850T,A23604G",,"S:E96D,S:H681R",,N/A,N/A,N/A,N/A,N/A,N/A,N/A,N/A,N/A,N/A,,NA,3000,0,good,0,10,0,good,0,24,-2,0,good,6,,0,good,0,NA,0,,0,0,good,NA,0,0,good,0,NA,NA,NA,NA,P3,M,36-40,Yes,No,0,Yes,2,NA,Nirmatreivir-ritonavir,NA,NA,22.97376857,exact,,Immunocompromised,4/8/22,Yes,Hematologic malignancy,USA,New York,Anterior nares swab,NA,NA,4,Gonzalez_Reiche_2023,NA,30-39,antivirals
ON934577,21K,21K (BA.1),Omicron,21K,BA.1.23,BA.1.23,0,good,60,39,9,0,0,0,51,16,1,0,88672,65,29758,0.993010735,FALSE,"C241T,A2832G,C3037T,T5386G,T6001C,G8393A,C10029T,C10449A,A11537G,T13195C,C14408T,C15240T,A18163G,C21762T,C21846T,G21850T,G22578A,G22599C,T22673C,C22674T,T22679C,C22686T,G22813T,T22882G,G22898A,T22926G,A22935T,G22992A,C22995A,A23013T,A23040G,G23048A,A23055G,A23063T,T23075C,C23202A,A23403G,C23525T,T23599G,C23604G,C23625T,C23854A,G23948T,C24130A,A24424T,T24469A,C24503T,C25000T,C25584T,C26270T,A26530G,C26577G,G26709A,A27259C,C27807T,A28271T,C28311T,G28881A,G28882A,G28883C","6513-6515,11285-11293,21765-21770,21987-21995,22194-22196,28362-28370",22204:GAGCCAGAA,,"E:T9I,M:D3G,M:Q19E,M:A63T,N:P13L,N:R203K,N:G204R,ORF1a:K856R,ORF1a:L2084I,ORF1a:A2710T,ORF1a:T3255I,ORF1a:P3395H,ORF1a:I3758V,ORF1b:P314L,ORF1b:I1566V,ORF9b:P10S,S:A67V,S:T95I,S:E96D,S:Y145D,S:L212I,S:G339D,S:R346T,S:S371L,S:S373P,S:S375F,S:K417N,S:N440K,S:G446S,S:L455W,S:K458M,S:S477N,S:T478K,S:E484V,S:Q493R,S:G496S,S:Q498R,S:N501Y,S:Y505H,S:T547K,S:D614G,S:H655Y,S:N679K,S:P681R,S:A688V,S:N764K,S:D796Y,S:N856K,S:Q954H,S:N969K,S:L981F","N:E31-,N:R32-,N:S33-,ORF1a:S2083-,ORF1a:L3674-,ORF1a:S3675-,ORF1a:G3676-,ORF9b:E27-,ORF9b:N28-,ORF9b:A29-,S:H69-,S:V70-,S:G142-,S:V143-,S:Y144-,S:N211-",S:214:EPE,,A23604G|21J&21I&24A&21A&24E&24C&24B&23I&24G&21B&24F&24D&24H&24I,"T6001C,G21850T",0,1,2,3,,NODE_0000682,"T6001C,G21850T,G22599C,T22926G,A22935T,C23013T,A23604G,C23625T",,"S:E96D,S:R346T,S:L455W,S:K458M,S:A484V,S:H681R,S:A688V",,BA.1.23,"T6001C,G21850T,A23604G",,"S:E96D,S:H681R",,N/A,N/A,N/A,N/A,N/A,N/A,N/A,N/A,N/A,N/A,,NA,3000,0,good,0,10,0,good,0,24,-2,0,good,6,,0,good,0,NA,0,,0,0,good,NA,0,0,good,0,NA,NA,NA,NA,P3,M,36-40,Yes,No,10,Yes,2,NA,Nirmatreivir-ritonavir,NA,NA,22.5,exact,,Immunocompromised,4/18/22,Yes,Hematologic malignancy,USA,New York,Nasopharyngeal swab,NA,NA,4,Gonzalez_Reiche_2023,NA,30-39,antivirals
ON934607,21K,21K (BA.1),Omicron,21K,BA.1.23,BA.1.23,2.777778,good,59,36,0,0,35,0,50,15,0,12,88668,65,29759,0.991873725,FALSE,"C241T,A2832G,C3037T,T5386G,T6001C,G8393A,C10029T,C10449A,A11537G,T13195C,C14408T,C15240T,A18163G,C21762T,C21846T,G21850T,G22578A,G22599C,C22674T,T22679C,C22686T,G22813T,T22882G,G22898A,T22926G,A22935T,G22992A,C22995A,A23013T,A23040G,G23048A,A23055G,A23063T,T23075C,C23202A,A23403G,C23525T,T23599G,C23604G,C23625T,C23854A,G23948T,C24130A,A24424T,T24469A,C24503T,C25000T,C25584T,C26270T,A26530G,C26577G,G26709A,A27259C,C27807T,A28271T,C28311T,G28881A,G28882A,G28883C","6513-6515,11285-11293,21765-21770,21987-21995,28362-28370",,,"E:T9I,M:D3G,M:Q19E,M:A63T,N:P13L,N:R203K,N:G204R,ORF1a:K856R,ORF1a:L2084I,ORF1a:A2710T,ORF1a:T3255I,ORF1a:P3395H,ORF1a:I3758V,ORF1b:P314L,ORF1b:I1566V,ORF9b:P10S,S:A67V,S:T95I,S:E96D,S:Y145D,S:G339D,S:R346T,S:S371F,S:S373P,S:S375F,S:K417N,S:N440K,S:G446S,S:L455W,S:K458M,S:S477N,S:T478K,S:E484V,S:Q493R,S:G496S,S:Q498R,S:N501Y,S:Y505H,S:T547K,S:D614G,S:H655Y,S:N679K,S:P681R,S:A688V,S:N764K,S:D796Y,S:N856K,S:Q954H,S:N969K,S:L981F","N:E31-,N:R32-,N:S33-,ORF1a:S2083-,ORF1a:L3674-,ORF1a:S3675-,ORF1a:G3676-,ORF9b:E27-,ORF9b:N28-,ORF9b:A29-,S:H69-,S:V70-,S:G142-,S:V143-,S:Y144-",,C22673T,A23604G|21J&21I&24A&21A&24E&24C&24B&23I&24G&21B&24F&24D&24H&24I,"T6001C,G21850T",1,1,2,4,22185-22219,NODE_0000682,"T6001C,G21850T,G22599C,C22673T,T22926G,A22935T,C23013T,A23604G,C23625T",,"S:E96D,S:R346T,S:L371F,S:L455W,S:K458M,S:A484V,S:H681R,S:A688V",,BA.1.23,"T6001C,G21850T,C22673T,A23604G",,"S:E96D,S:L371F,S:H681R",,N/A,N/A,N/A,N/A,N/A,N/A,N/A,N/A,N/A,N/A,S:208-219,NA,3000,0,good,35,10,0,good,0,24,4,16.666667,good,12,,0,good,0,NA,0,,0,0,good,NA,0,0,good,0,NA,NA,NA,NA,P3,M,36-40,Yes,No,29,Yes,2,NA,Nirmatreivir-ritonavir,NA,NA,26.02743925,exact,,Immunocompromised,5/7/22,Yes,Hematologic malignancy,USA,New York,Anterior nares swab,NA,NA,4,Gonzalez_Reiche_2023,NA,30-39,antivirals
OR841414,21K,21K (BA.1),Omicron,21K,BA.1.1,BA.1.1,0,good,60,39,9,0,0,0,49,16,1,0,89089,51,29883,0.997659098,FALSE,"C241T,C1567T,C2470T,A2832G,C3037T,T5386G,G8393A,C9521T,C10029T,C10449A,A11537G,T13195C,C14408T,C15240T,A18163G,C21762T,C21846T,G22578A,G22599A,T22673C,C22674T,T22679C,C22686T,G22813T,T22882G,G22898A,G22992A,C22995A,A23013C,A23040G,G23048A,A23055G,A23063T,T23075C,C23202A,A23403G,C23525T,T23599G,C23604A,C23854A,G23948T,C24130A,A24424T,A24461G,T24469A,C24503T,C25000T,C25584T,C26270T,A26530G,C26577G,G26709A,A27259C,C27549T,C27807T,A28271T,C28311T,G28881A,G28882A,G28883C","6513-6515,11285-11293,21765-21770,21987-21995,22194-22196,28362-28370",22204:GAGCCAGAA,,"E:T9I,M:D3G,M:Q19E,M:A63T,N:P13L,N:R203K,N:G204R,ORF1a:K856R,ORF1a:L2084I,ORF1a:A2710T,ORF1a:L3086F,ORF1a:T3255I,ORF1a:P3395H,ORF1a:I3758V,ORF1b:P314L,ORF1b:I1566V,ORF9b:P10S,S:A67V,S:T95I,S:Y145D,S:L212I,S:G339D,S:R346K,S:S371L,S:S373P,S:S375F,S:K417N,S:N440K,S:G446S,S:S477N,S:T478K,S:E484A,S:Q493R,S:G496S,S:Q498R,S:N501Y,S:Y505H,S:T547K,S:D614G,S:H655Y,S:N679K,S:P681H,S:N764K,S:D796Y,S:N856K,S:Q954H,S:S967G,S:N969K,S:L981F","N:E31-,N:R32-,N:S33-,ORF1a:S2083-,ORF1a:L3674-,ORF1a:S3675-,ORF1a:G3676-,ORF9b:E27-,ORF9b:N28-,ORF9b:A29-,S:H69-,S:V70-,S:G142-,S:V143-,S:Y144-,S:N211-",S:214:EPE,,,"C1567T,C9521T,A24461G,C27549T",0,0,4,4,,NODE_0000682,"C1567T,C2470T,C9521T,G22599A,A24461G,C27549T",,"ORF1a:L3086F,S:R346K,S:S967G",,NODE_0000690,"C1567T,C2470T,C9521T,A24461G,C27549T",,"ORF1a:L3086F,S:S967G",,N/A,N/A,N/A,N/A,N/A,N/A,N/A,N/A,N/A,N/A,,NA,3000,0,good,0,10,0,good,0,24,-4,0,good,4,,0,good,0,NA,0,,0,0,good,NA,0,0,good,0,NA,NA,NA,NA,I_7,M,55,No,No,0,Yes,2,SOT,NA,NA,NA,23.6,exact,192/62,Immunocompromised,2/15/22,Yes,Hematologic malignancy,Italy,Padua,Nasopharyngeal swab,Symptomatic,Symptomatic,3,Manuto_2024,55,50-59,monoclonal_ab
OR841415,21J,21J (Delta),Delta,21J,B.1.617.2.43,AY.43,0,good,41,13,0,0,0,0,35,4,0,0,89275,51,29883,0.997659098,FALSE,"G210T,C241T,G960A,C3037T,G4181T,C5526T,C6402T,C7124T,C8986T,G9053T,C10029T,A11201G,A11332G,C14408T,G15451A,C15952A,C16466T,G16935T,C18687T,C18744T,C19220T,C21618G,G21987A,T22917G,C22995A,G23120T,A23403G,C23604G,C24130T,G24410A,C25469T,T26767C,T27638C,C27752T,C27874T,A28299T,A28461G,G28881T,G28916T,G29402T,G29742T","22029-22034,28248-28253,28271",,,"M:I82T,N:Q9L,N:D63G,N:R203M,N:G215C,N:D377Y,ORF1a:R232H,ORF1a:A1306S,ORF1a:T1754I,ORF1a:P2046L,ORF1a:P2287S,ORF1a:V2930L,ORF1a:T3255I,ORF1a:T3646A,ORF1b:P314L,ORF1b:G662S,ORF1b:L829I,ORF1b:P1000L,ORF1b:M1156I,ORF1b:A1918V,ORF3a:S26L,ORF7a:V82A,ORF7a:T120I,ORF7b:T40I,ORF9b:S6C,ORF9b:T60A,S:T19R,S:G142D,S:R158G,S:L452R,S:T478K,S:A520S,S:D614G,S:P681R,S:D950N","ORF8:D119-,ORF8:F120-,S:E156-,S:F157-",,,,"G960A,C5526T,G16935T,C18687T,G23120T",0,0,5,5,,NODE_0000575,"G960A,C5526T,G9053T,C15952A,G16935T,C18687T,C18744T,G23120T,C24130T,A28299T",,"N:Q9L,ORF1a:R232H,ORF1a:T1754I,ORF1a:V2930L,ORF1b:L829I,ORF1b:M1156I,ORF9b:S6C,S:A520S",,NODE_0000597,"G960A,C5526T,G16935T,C18687T,C18744T,G23120T,C24130T",,"ORF1a:R232H,ORF1a:T1754I,ORF1b:M1156I,S:A520S",,N/A,N/A,N/A,N/A,N/A,N/A,N/A,N/A,N/A,N/A,,NA,3000,0,good,0,10,0,good,0,24,-3,0,good,5,,0,good,0,NA,0,,0,0,good,NA,0,0,good,0,NA,NA,NA,NA,I_2,M,64,No,No,3,Yes,2,Casirivimab and Imdevimab,NA,NA,NA,20.5,exact,64/32,Immunocompromised,12/23/21,Yes,Hematologic malignancy,Italy,Padua,Nasopharyngeal swab,Symptomatic,Symptomatic,4,Manuto_2024,64,60-69,monoclonal_ab
OR841416,21K,21K (BA.1),Omicron,21K,BA.1,BA.1,0,good,56,39,9,0,0,0,46,16,1,0,89105,51,29883,0.997659098,FALSE,"C241T,A2832G,C3037T,T5386G,G8393A,C10029T,C10449A,A11537G,T13195C,C14408T,C15240T,A18163G,A18585C,A20418G,C21762T,C21846T,G22578A,T22673C,C22674T,T22679C,C22686T,G22813T,T22882G,G22898A,G22992A,C22995A,A23013C,A23040G,G23048A,A23055G,A23063T,T23075C,C23202A,A23403G,C23525T,T23599G,C23604A,C23854A,G23948T,C24130A,A24424T,T24469A,C24503T,C25000T,C25584T,C26270T,A26530G,C26577G,G26709A,A27259C,C27807T,A28271T,C28311T,G28881A,G28882A,G28883C","6513-6515,11285-11293,21765-21770,21987-21995,22194-22196,28362-28370",22204:GAGCCAGAA,,"E:T9I,M:D3G,M:Q19E,M:A63T,N:P13L,N:R203K,N:G204R,ORF1a:K856R,ORF1a:L2084I,ORF1a:A2710T,ORF1a:T3255I,ORF1a:P3395H,ORF1a:I3758V,ORF1b:P314L,ORF1b:I1566V,ORF9b:P10S,S:A67V,S:T95I,S:Y145D,S:L212I,S:G339D,S:S371L,S:S373P,S:S375F,S:K417N,S:N440K,S:G446S,S:S477N,S:T478K,S:E484A,S:Q493R,S:G496S,S:Q498R,S:N501Y,S:Y505H,S:T547K,S:D614G,S:H655Y,S:N679K,S:P681H,S:N764K,S:D796Y,S:N856K,S:Q954H,S:N969K,S:L981F","N:E31-,N:R32-,N:S33-,ORF1a:S2083-,ORF1a:L3674-,ORF1a:S3675-,ORF1a:G3676-,ORF9b:E27-,ORF9b:N28-,ORF9b:A29-,S:H69-,S:V70-,S:G142-,S:V143-,S:Y144-,S:N211-",S:214:EPE,,,"A18585C,A20418G",0,0,2,2,,NODE_0000682,"A18585C,A20418G",,,,NODE_0000682,"A18585C,A20418G",,,,N/A,N/A,N/A,N/A,N/A,N/A,N/A,N/A,N/A,N/A,,NA,3000,0,good,0,10,0,good,0,24,-6,0,good,2,,0,good,0,NA,0,,0,0,good,NA,0,0,good,0,NA,NA,NA,NA,I_5,M,49,No,No,0,Yes,2,Bamlanivimab and Etesevimab,NA,NA,NA,17.6,exact,243/27,Immunocompromised,12/23/21,Yes,Organ Transplant,Italy,Padua,Nasopharyngeal swab,Symptomatic,Symptomatic,0,Manuto_2024,49,40-49,monoclonal_ab
OR841417,21K,21K (BA.1),Omicron,21K,BA.1,BA.1,0,good,56,39,9,0,0,0,46,16,1,0,89105,51,29883,0.997659098,FALSE,"C241T,A2832G,C3037T,T5386G,G8393A,C10029T,C10449A,A11537G,T13195C,C14408T,C15240T,A18163G,A18585C,A20418G,C21762T,C21846T,G22578A,T22673C,C22674T,T22679C,C22686T,G22813T,T22882G,G22898A,G22992A,C22995A,A23013C,A23040G,G23048A,A23055G,A23063T,T23075C,C23202A,A23403G,C23525T,T23599G,C23604A,C23854A,G23948T,C24130A,A24424T,T24469A,C24503T,C25000T,C25584T,C26270T,A26530G,C26577G,G26709A,A27259C,C27807T,A28271T,C28311T,G28881A,G28882A,G28883C","6513-6515,11285-11293,21765-21770,21987-21995,22194-22196,28362-28370",22204:GAGCCAGAA,,"E:T9I,M:D3G,M:Q19E,M:A63T,N:P13L,N:R203K,N:G204R,ORF1a:K856R,ORF1a:L2084I,ORF1a:A2710T,ORF1a:T3255I,ORF1a:P3395H,ORF1a:I3758V,ORF1b:P314L,ORF1b:I1566V,ORF9b:P10S,S:A67V,S:T95I,S:Y145D,S:L212I,S:G339D,S:S371L,S:S373P,S:S375F,S:K417N,S:N440K,S:G446S,S:S477N,S:T478K,S:E484A,S:Q493R,S:G496S,S:Q498R,S:N501Y,S:Y505H,S:T547K,S:D614G,S:H655Y,S:N679K,S:P681H,S:N764K,S:D796Y,S:N856K,S:Q954H,S:N969K,S:L981F","N:E31-,N:R32-,N:S33-,ORF1a:S2083-,ORF1a:L3674-,ORF1a:S3675-,ORF1a:G3676-,ORF9b:E27-,ORF9b:N28-,ORF9b:A29-,S:H69-,S:V70-,S:G142-,S:V143-,S:Y144-,S:N211-",S:214:EPE,,,"A18585C,A20418G",0,0,2,2,,NODE_0000682,"A18585C,A20418G",,,,NODE_0000682,"A18585C,A20418G",,,,N/A,N/A,N/A,N/A,N/A,N/A,N/A,N/A,N/A,N/A,,NA,3000,0,good,0,10,0,good,0,24,-6,0,good,2,,0,good,0,NA,0,,0,0,good,NA,0,0,good,0,NA,NA,NA,NA,I_5,M,49,No,No,3,Yes,2,Bamlanivimab and Etesevimab,NA,NA,NA,16,exact,243/27,Immunocompromised,12/26/21,Yes,Organ Transplant,Italy,Padua,Nasopharyngeal swab,Symptomatic,Symptomatic,0,Manuto_2024,49,40-49,monoclonal_ab
OR841418,21K,21K (BA.1),Omicron,21K,BA.1.1,BA.1.1,0,good,59,39,9,0,0,0,49,16,1,0,89093,51,29883,0.997659098,FALSE,"C241T,A2832G,C3037T,T5386G,G5761A,C5986T,G8393A,C10029T,C10449A,A11537G,T13195C,A13756G,C14408T,C15240T,A18163G,G19999T,C21762T,C21846T,G22578A,G22599A,T22673C,C22674T,T22679C,C22686T,G22813T,T22882G,G22898A,G22992A,C22995A,A23013C,A23040G,G23048A,A23055G,A23063T,T23075C,C23202A,A23403G,C23525T,T23599G,C23604A,C23854A,G23948T,C24130A,A24424T,T24469A,C24503T,C25000T,C25584T,C26270T,A26530G,C26577G,G26709A,A27259C,C27807T,A28271T,C28311T,G28881A,G28882A,G28883C","6513-6515,11285-11293,21765-21770,21987-21995,22194-22196,28362-28370",22204:GAGCCAGAA,,"E:T9I,M:D3G,M:Q19E,M:A63T,N:P13L,N:R203K,N:G204R,ORF1a:K856R,ORF1a:L2084I,ORF1a:A2710T,ORF1a:T3255I,ORF1a:P3395H,ORF1a:I3758V,ORF1b:I97V,ORF1b:P314L,ORF1b:I1566V,ORF1b:V2178F,ORF9b:P10S,S:A67V,S:T95I,S:Y145D,S:L212I,S:G339D,S:R346K,S:S371L,S:S373P,S:S375F,S:K417N,S:N440K,S:G446S,S:S477N,S:T478K,S:E484A,S:Q493R,S:G496S,S:Q498R,S:N501Y,S:Y505H,S:T547K,S:D614G,S:H655Y,S:N679K,S:P681H,S:N764K,S:D796Y,S:N856K,S:Q954H,S:N969K,S:L981F","N:E31-,N:R32-,N:S33-,ORF1a:S2083-,ORF1a:L3674-,ORF1a:S3675-,ORF1a:G3676-,ORF9b:E27-,ORF9b:N28-,ORF9b:A29-,S:H69-,S:V70-,S:G142-,S:V143-,S:Y144-,S:N211-",S:214:EPE,,C5986T|20I,"G5761A,A13756G,G19999T",0,1,3,4,,NODE_0000682,"G5761A,C5986T,A13756G,G19999T,G22599A",,"ORF1b:I97V,ORF1b:V2178F,S:R346K",,NODE_0000690,"G5761A,C5986T,A13756G,G19999T",,"ORF1b:I97V,ORF1b:V2178F",,N/A,N/A,N/A,N/A,N/A,N/A,N/A,N/A,N/A,N/A,,NA,3000,0,good,0,10,0,good,0,24,-1,0,good,7,,0,good,0,NA,0,,0,0,good,NA,0,0,good,0,NA,NA,NA,NA,H_13,F,48,No,No,0,Yes,2,NA,Remdesiver,NA,NA,23.6,exact,unknown,Immunocompetent,2/22/22,Yes,Chronic liver disease,Italy,Padua,Nasopharyngeal swab,Symptomatic,Symptomatic,1,Manuto_2024,48,40-49,antivirals
OR841419,21K,21K (BA.1),Omicron,21K,BA.1.1,BA.1.1,0,good,57,39,9,0,0,0,48,16,1,0,89101,51,29883,0.997659098,FALSE,"C241T,C2470T,A2832G,C3037T,T5386G,G8393A,C10029T,C10449A,A11537G,T13195C,C14408T,C15240T,A18163G,C18508T,C21762T,C21846T,G22578A,G22599A,T22673C,C22674T,T22679C,C22686T,G22813T,T22882G,G22898A,G22992A,C22995A,A23013C,A23040G,G23048A,A23055G,A23063T,T23075C,C23202A,A23403G,C23525T,T23599G,C23604A,C23854A,G23948T,C24130A,A24424T,T24469A,C24503T,C25000T,C25584T,C26270T,A26530G,C26577G,G26709A,A27259C,C27807T,A28271T,C28311T,G28881A,G28882A,G28883C","6513-6515,11285-11293,21765-21770,21987-21995,22194-22196,28362-28370",22204:GAGCCAGAA,,"E:T9I,M:D3G,M:Q19E,M:A63T,N:P13L,N:R203K,N:G204R,ORF1a:K856R,ORF1a:L2084I,ORF1a:A2710T,ORF1a:T3255I,ORF1a:P3395H,ORF1a:I3758V,ORF1b:P314L,ORF1b:I1566V,ORF1b:L1681F,ORF9b:P10S,S:A67V,S:T95I,S:Y145D,S:L212I,S:G339D,S:R346K,S:S371L,S:S373P,S:S375F,S:K417N,S:N440K,S:G446S,S:S477N,S:T478K,S:E484A,S:Q493R,S:G496S,S:Q498R,S:N501Y,S:Y505H,S:T547K,S:D614G,S:H655Y,S:N679K,S:P681H,S:N764K,S:D796Y,S:N856K,S:Q954H,S:N969K,S:L981F","N:E31-,N:R32-,N:S33-,ORF1a:S2083-,ORF1a:L3674-,ORF1a:S3675-,ORF1a:G3676-,ORF9b:E27-,ORF9b:N28-,ORF9b:A29-,S:H69-,S:V70-,S:G142-,S:V143-,S:Y144-,S:N211-",S:214:EPE,,,C18508T,0,0,1,1,,NODE_0000682,"C2470T,C18508T,G22599A",,"ORF1b:L1681F,S:R346K",,NODE_0000690,"C2470T,C18508T",,ORF1b:L1681F,,N/A,N/A,N/A,N/A,N/A,N/A,N/A,N/A,N/A,N/A,,NA,3000,0,good,0,10,0,good,0,24,-7,0,good,1,,0,good,0,NA,0,,0,0,good,NA,0,0,good,0,NA,NA,NA,NA,H_14,M,93,No,No,0,Yes,2,NA,Remdesiver,NA,NA,19.8,exact,unknown,Immunocompetent,3/4/22,Yes,Cardiovascular disease,Italy,Padua,Nasopharyngeal swab,Symptomatic,Symptomatic,4,Manuto_2024,93,80+,antivirals
OR841420,21K,21K (BA.1),Omicron,21K,BA.1.1,BA.1.1,0,good,57,39,9,0,0,0,48,16,1,0,89101,51,29883,0.997659098,FALSE,"C241T,C2470T,A2832G,C3037T,T5386G,G8393A,C10029T,C10449A,A11537G,T13195C,C14408T,C15240T,A18163G,C18508T,C21762T,C21846T,G22578A,G22599A,T22673C,C22674T,T22679C,C22686T,G22813T,T22882G,G22898A,G22992A,C22995A,A23013C,A23040G,G23048A,A23055G,A23063T,T23075C,C23202A,A23403G,C23525T,T23599G,C23604A,C23854A,G23948T,C24130A,A24424T,T24469A,C24503T,C25000T,C25584T,C26270T,A26530G,C26577G,G26709A,A27259C,C27807T,A28271T,C28311T,G28881A,G28882A,G28883C","6513-6515,11285-11293,21765-21770,21987-21995,22194-22196,28362-28370",22204:GAGCCAGAA,,"E:T9I,M:D3G,M:Q19E,M:A63T,N:P13L,N:R203K,N:G204R,ORF1a:K856R,ORF1a:L2084I,ORF1a:A2710T,ORF1a:T3255I,ORF1a:P3395H,ORF1a:I3758V,ORF1b:P314L,ORF1b:I1566V,ORF1b:L1681F,ORF9b:P10S,S:A67V,S:T95I,S:Y145D,S:L212I,S:G339D,S:R346K,S:S371L,S:S373P,S:S375F,S:K417N,S:N440K,S:G446S,S:S477N,S:T478K,S:E484A,S:Q493R,S:G496S,S:Q498R,S:N501Y,S:Y505H,S:T547K,S:D614G,S:H655Y,S:N679K,S:P681H,S:N764K,S:D796Y,S:N856K,S:Q954H,S:N969K,S:L981F","N:E31-,N:R32-,N:S33-,ORF1a:S2083-,ORF1a:L3674-,ORF1a:S3675-,ORF1a:G3676-,ORF9b:E27-,ORF9b:N28-,ORF9b:A29-,S:H69-,S:V70-,S:G142-,S:V143-,S:Y144-,S:N211-",S:214:EPE,,,C18508T,0,0,1,1,,NODE_0000682,"C2470T,C18508T,G22599A",,"ORF1b:L1681F,S:R346K",,NODE_0000690,"C2470T,C18508T",,ORF1b:L1681F,,N/A,N/A,N/A,N/A,N/A,N/A,N/A,N/A,N/A,N/A,,NA,3000,0,good,0,10,0,good,0,24,-7,0,good,1,,0,good,0,NA,0,,0,0,good,NA,0,0,good,0,NA,NA,NA,NA,H_14,M,93,No,No,3,Yes,2,NA,Remdesiver,NA,NA,20.2,exact,unknown,Immunocompetent,3/14/22,Yes,Cardiovascular disease,Italy,Padua,Nasopharyngeal swab,Symptomatic,Symptomatic,4,Manuto_2024,93,80+,antivirals
OR841421,21K,21K (BA.1),Omicron,21K,BA.1.1,BA.1.1,0,good,57,39,9,0,0,0,48,16,1,0,89101,51,29883,0.997659098,FALSE,"C241T,C2470T,A2832G,C3037T,T5386G,G8393A,C10029T,C10449A,A11537G,T13195C,C14408T,C15240T,A18163G,C18508T,C21762T,C21846T,G22578A,G22599A,T22673C,C22674T,T22679C,C22686T,G22813T,T22882G,G22898A,G22992A,C22995A,A23013C,A23040G,G23048A,A23055G,A23063T,T23075C,C23202A,A23403G,C23525T,T23599G,C23604A,C23854A,G23948T,C24130A,A24424T,T24469A,C24503T,C25000T,C25584T,C26270T,A26530G,C26577G,G26709A,A27259C,C27807T,A28271T,C28311T,G28881A,G28882A,G28883C","6513-6515,11285-11293,21765-21770,21987-21995,22194-22196,28362-28370",22204:GAGCCAGAA,,"E:T9I,M:D3G,M:Q19E,M:A63T,N:P13L,N:R203K,N:G204R,ORF1a:K856R,ORF1a:L2084I,ORF1a:A2710T,ORF1a:T3255I,ORF1a:P3395H,ORF1a:I3758V,ORF1b:P314L,ORF1b:I1566V,ORF1b:L1681F,ORF9b:P10S,S:A67V,S:T95I,S:Y145D,S:L212I,S:G339D,S:R346K,S:S371L,S:S373P,S:S375F,S:K417N,S:N440K,S:G446S,S:S477N,S:T478K,S:E484A,S:Q493R,S:G496S,S:Q498R,S:N501Y,S:Y505H,S:T547K,S:D614G,S:H655Y,S:N679K,S:P681H,S:N764K,S:D796Y,S:N856K,S:Q954H,S:N969K,S:L981F","N:E31-,N:R32-,N:S33-,ORF1a:S2083-,ORF1a:L3674-,ORF1a:S3675-,ORF1a:G3676-,ORF9b:E27-,ORF9b:N28-,ORF9b:A29-,S:H69-,S:V70-,S:G142-,S:V143-,S:Y144-,S:N211-",S:214:EPE,,,C18508T,0,0,1,1,,NODE_0000682,"C2470T,C18508T,G22599A",,"ORF1b:L1681F,S:R346K",,NODE_0000690,"C2470T,C18508T",,ORF1b:L1681F,,N/A,N/A,N/A,N/A,N/A,N/A,N/A,N/A,N/A,N/A,,NA,3000,0,good,0,10,0,good,0,24,-7,0,good,1,,0,good,0,NA,0,,0,0,good,NA,0,0,good,0,NA,NA,NA,NA,H_14,M,93,No,No,7,Yes,2,NA,Remdesiver,NA,NA,25,exact,unknown,Immunocompetent,3/18/22,Yes,Cardiovascular disease,Italy,Padua,Nasopharyngeal swab,Symptomatic,Symptomatic,4,Manuto_2024,93,80+,antivirals
OR841422,21L,21L (BA.2),Omicron,21L,BA.2,BA.2,0,good,69,53,0,0,0,0,52,12,0,0,89036,51,29883,0.997659098,FALSE,"C241T,T670G,C2790T,C3037T,G3307A,G4184A,C4321T,C9344T,A9424G,C9534T,C9866T,C10029T,C10198T,G10447A,C10449A,C12880T,C14408T,C15714T,C17410T,A18163G,C19955T,A20055G,C21618T,G21987A,T22200G,G22578A,C22674T,T22679C,C22686T,A22688G,G22775A,A22786C,C22792T,G22813T,T22882G,G22992A,C22995A,A23013C,A23040G,A23055G,A23063T,T23075C,A23403G,C23525T,T23599G,C23604A,C23854A,G23948T,A24424T,T24469A,C25000T,C25584T,C26060T,C26270T,C26577G,G26709A,C26858T,A27259C,G27382C,A27383T,T27384C,C27807T,A28271T,C28311T,C28674T,G28881A,G28882A,G28883C,A29510C","11288-11296,21633-21641,28362-28370,29734-29759",,,"E:T9I,M:Q19E,M:A63T,N:P13L,N:A134V,N:R203K,N:G204R,N:S413R,ORF1a:S135R,ORF1a:T842I,ORF1a:M1014I,ORF1a:G1307S,ORF1a:L3027F,ORF1a:T3090I,ORF1a:L3201F,ORF1a:T3255I,ORF1a:P3395H,ORF1b:P314L,ORF1b:R1315C,ORF1b:I1566V,ORF1b:T2163I,ORF3a:T223I,ORF6:D61L,ORF9b:P10S,S:T19I,S:A27S,S:G142D,S:V213G,S:G339D,S:S371F,S:S373P,S:S375F,S:T376A,S:D405N,S:R408S,S:K417N,S:N440K,S:S477N,S:T478K,S:E484A,S:Q493R,S:Q498R,S:N501Y,S:Y505H,S:D614G,S:H655Y,S:N679K,S:P681H,S:N764K,S:D796Y,S:Q954H,S:N969K","N:E31-,N:R32-,N:S33-,ORF1a:S3675-,ORF1a:G3676-,ORF1a:F3677-,ORF9b:E27-,ORF9b:N28-,ORF9b:A29-,S:L24-,S:P25-,S:P26-",,,,"G3307A,C28674T",0,0,2,2,,NODE_0000695,"G3307A,C9866T,C22792T,C28674T",,"N:A134V,ORF1a:M1014I,ORF1a:L3201F",,NODE_0000695,"G3307A,C9866T,C22792T,C28674T",,"N:A134V,ORF1a:M1014I,ORF1a:L3201F",,N/A,N/A,N/A,N/A,N/A,N/A,N/A,N/A,N/A,N/A,,NA,3000,0,good,0,10,0,good,0,24,-6,0,good,2,,0,good,0,NA,0,,0,0,good,NA,0,0,good,0,NA,NA,NA,NA,I_8,M,58,No,No,0,Yes,2,NA,Remdesiver,NA,NA,13.9,exact,240/54,Immunocompromised,3/29/22,Yes,Solid tumor,Italy,Padua,Nasopharyngeal swab,Symptomatic,Symptomatic,3,Manuto_2024,58,50-59,antivirals
OR841423,21J,21J (Delta),Delta,21J,B.1.617.2.43,AY.43,0,good,41,13,0,0,0,0,35,4,0,0,89275,51,29883,0.997659098,FALSE,"G210T,C241T,G960A,C3037T,G4181T,C5526T,C6402T,C7124T,C8986T,G9053T,C10029T,A11201G,A11332G,C14408T,G15451A,C15952A,C16466T,G16935T,C18687T,C18744T,C19220T,C21618G,G21987A,T22917G,C22995A,G23120T,A23403G,C23604G,C24130T,G24410A,C25469T,T26767C,T27638C,C27752T,C27874T,A28299T,A28461G,G28881T,G28916T,G29402T,G29742T","22029-22034,28248-28253,28271",,,"M:I82T,N:Q9L,N:D63G,N:R203M,N:G215C,N:D377Y,ORF1a:R232H,ORF1a:A1306S,ORF1a:T1754I,ORF1a:P2046L,ORF1a:P2287S,ORF1a:V2930L,ORF1a:T3255I,ORF1a:T3646A,ORF1b:P314L,ORF1b:G662S,ORF1b:L829I,ORF1b:P1000L,ORF1b:M1156I,ORF1b:A1918V,ORF3a:S26L,ORF7a:V82A,ORF7a:T120I,ORF7b:T40I,ORF9b:S6C,ORF9b:T60A,S:T19R,S:G142D,S:R158G,S:L452R,S:T478K,S:A520S,S:D614G,S:P681R,S:D950N","ORF8:D119-,ORF8:F120-,S:E156-,S:F157-",,,,"G960A,C5526T,G16935T,C18687T,G23120T",0,0,5,5,,NODE_0000575,"G960A,C5526T,G9053T,C15952A,G16935T,C18687T,C18744T,G23120T,C24130T,A28299T",,"N:Q9L,ORF1a:R232H,ORF1a:T1754I,ORF1a:V2930L,ORF1b:L829I,ORF1b:M1156I,ORF9b:S6C,S:A520S",,NODE_0000597,"G960A,C5526T,G16935T,C18687T,C18744T,G23120T,C24130T",,"ORF1a:R232H,ORF1a:T1754I,ORF1b:M1156I,S:A520S",,N/A,N/A,N/A,N/A,N/A,N/A,N/A,N/A,N/A,N/A,,NA,3000,0,good,0,10,0,good,0,24,-3,0,good,5,,0,good,0,NA,0,,0,0,good,NA,0,0,good,0,NA,NA,NA,NA,I_2,M,64,No,No,0,Yes,2,Casirivimab and Imdevimab,NA,NA,NA,18,exact,64/32,Immunocompromised,12/20/21,Yes,Hematologic malignancy,Italy,Padua,Nasopharyngeal swab,Symptomatic,Symptomatic,4,Manuto_2024,64,60-69,monoclonal_ab
OR841424,21J,21J (Delta),Delta,21J,B.1.617.2.101,AY.101,17.361111,good,54,13,0,0,0,0,39,4,0,0,89223,51,29883,0.997659098,FALSE,"G210T,C241T,C925T,C2902T,C3037T,G4181T,C6330T,C6402T,C7124T,C8986T,G9053T,C9474T,C9559T,C9561T,C10029T,A11201G,A11332G,C12534T,C13860T,C14408T,C15240T,G15451A,C15613T,C16466T,T18384C,C19220T,C21304A,G21305A,C21618G,C21846T,G21987A,T22200C,T22917G,C22995A,A23403G,G23593T,C23604G,G24410A,C25460T,C25469T,C26611T,T26767C,T27638C,A27723T,C27752T,C27874T,T28007C,T28229C,A28461G,G28881T,G28916T,G29402T,A29697G,G29742T","22029-22034,28248-28253,28271",,,"M:T30I,M:I82T,N:D63G,N:R203M,N:G215C,N:D377Y,ORF1a:A1306S,ORF1a:S2022L,ORF1a:P2046L,ORF1a:P2287S,ORF1a:V2930L,ORF1a:A3070V,ORF1a:S3099L,ORF1a:T3255I,ORF1a:T3646A,ORF1a:T4090I,ORF1b:P314L,ORF1b:G662S,ORF1b:H716Y,ORF1b:P1000L,ORF1b:A1918V,ORF1b:R2613N,ORF3a:A23V,ORF3a:S26L,ORF7a:V82A,ORF7a:T120I,ORF7b:T40I,ORF9b:T60A,S:T19R,S:T95I,S:G142D,S:R158G,S:V213A,S:L452R,S:T478K,S:D614G,S:Q677H,S:P681R,S:D950N","ORF8:D119-,ORF8:F120-,S:E156-,S:F157-",,,C13860T|20J,"C2902T,C6330T,C9561T,C12534T,C15613T,T18384C,C21304A,G21305A,T22200C,G23593T,C26611T,A27723T,T28229C,A29697G",0,1,14,15,,NODE_0000575,"C925T,C2902T,C6330T,G9053T,C9474T,C9559T,C9561T,C12534T,C13860T,C15240T,C15613T,T18384C,C21304A,G21305A,C21846T,T22200C,G23593T,C25460T,C26611T,A27723T,T28007C,T28229C,A29697G",,"M:T30I,ORF1a:S2022L,ORF1a:V2930L,ORF1a:A3070V,ORF1a:S3099L,ORF1a:T4090I,ORF1b:H716Y,ORF1b:R2613N,ORF3a:A23V,S:T95I,S:V213A,S:Q677H",,AY.101,"C2902T,C6330T,C9561T,C12534T,C13860T,C15613T,T18384C,C21304A,G21305A,T22200C,G23593T,C26611T,A27723T,T28229C,A29697G",,"M:T30I,ORF1a:S2022L,ORF1a:S3099L,ORF1a:T4090I,ORF1b:H716Y,ORF1b:R2613N,S:V213A,S:Q677H",,N/A,N/A,N/A,N/A,N/A,N/A,N/A,N/A,N/A,N/A,,NA,3000,0,good,0,10,0,good,0,24,10,41.666667,mediocre,18,,0,good,0,NA,0,,0,0,good,NA,0,0,good,0,NA,NA,NA,NA,I_3,F,69,No,No,0,No,0,Casirivimab and Imdevimab,Remdesiver,NA,NA,14.5,exact,260/57,Immunocompromised,12/22/21,Yes,Solid tumor,Italy,Padua,Nasopharyngeal swab,Symptomatic,Symptomatic,4,Manuto_2024,69,60-69,monoclonal_ab+antivirals
OR841425,21J,21J (Delta),Delta,21J,B.1.617.2.43,AY.43,0,good,41,13,0,0,0,0,35,4,0,0,89275,51,29883,0.997659098,FALSE,"G210T,C241T,G960A,C3037T,G4181T,C5526T,C6402T,C7124T,C8986T,G9053T,C10029T,A11201G,A11332G,C14408T,G15451A,C15952A,C16466T,G16935T,C18687T,C18744T,C19220T,C21618G,G21987A,T22917G,C22995A,G23120T,A23403G,C23604G,C24130T,G24410A,C25469T,T26767C,T27638C,C27752T,C27874T,A28299T,A28461G,G28881T,G28916T,G29402T,G29742T","22029-22034,28248-28253,28271",,,"M:I82T,N:Q9L,N:D63G,N:R203M,N:G215C,N:D377Y,ORF1a:R232H,ORF1a:A1306S,ORF1a:T1754I,ORF1a:P2046L,ORF1a:P2287S,ORF1a:V2930L,ORF1a:T3255I,ORF1a:T3646A,ORF1b:P314L,ORF1b:G662S,ORF1b:L829I,ORF1b:P1000L,ORF1b:M1156I,ORF1b:A1918V,ORF3a:S26L,ORF7a:V82A,ORF7a:T120I,ORF7b:T40I,ORF9b:S6C,ORF9b:T60A,S:T19R,S:G142D,S:R158G,S:L452R,S:T478K,S:A520S,S:D614G,S:P681R,S:D950N","ORF8:D119-,ORF8:F120-,S:E156-,S:F157-",,,,"G960A,C5526T,G16935T,C18687T,G23120T",0,0,5,5,,NODE_0000575,"G960A,C5526T,G9053T,C15952A,G16935T,C18687T,C18744T,G23120T,C24130T,A28299T",,"N:Q9L,ORF1a:R232H,ORF1a:T1754I,ORF1a:V2930L,ORF1b:L829I,ORF1b:M1156I,ORF9b:S6C,S:A520S",,NODE_0000597,"G960A,C5526T,G16935T,C18687T,C18744T,G23120T,C24130T",,"ORF1a:R232H,ORF1a:T1754I,ORF1b:M1156I,S:A520S",,N/A,N/A,N/A,N/A,N/A,N/A,N/A,N/A,N/A,N/A,,NA,3000,0,good,0,10,0,good,0,24,-3,0,good,5,,0,good,0,NA,0,,0,0,good,NA,0,0,good,0,NA,NA,NA,NA,I_2,M,64,No,No,7,Yes,2,Casirivimab and Imdevimab,NA,NA,NA,17.6,exact,64/32,Immunocompromised,12/27/21,Yes,Hematologic malignancy,Italy,Padua,Nasopharyngeal swab,Symptomatic,Symptomatic,4,Manuto_2024,64,60-69,monoclonal_ab
OR841426,21J,21J (Delta),Delta,21J,B.1.617.2.101,AY.101,17.361111,good,54,13,0,0,0,0,39,4,0,0,89223,51,29883,0.997659098,FALSE,"G210T,C241T,C925T,C2902T,C3037T,G4181T,C6330T,C6402T,C7124T,C8986T,G9053T,C9474T,C9559T,C9561T,C10029T,A11201G,A11332G,C12534T,C13860T,C14408T,C15240T,G15451A,C15613T,C16466T,T18384C,C19220T,C21304A,G21305A,C21618G,C21846T,G21987A,T22200C,T22917G,C22995A,A23403G,G23593T,C23604G,G24410A,C25460T,C25469T,C26611T,T26767C,T27638C,A27723T,C27752T,C27874T,T28007C,T28229C,A28461G,G28881T,G28916T,G29402T,A29697G,G29742T","22029-22034,28248-28253,28271",,,"M:T30I,M:I82T,N:D63G,N:R203M,N:G215C,N:D377Y,ORF1a:A1306S,ORF1a:S2022L,ORF1a:P2046L,ORF1a:P2287S,ORF1a:V2930L,ORF1a:A3070V,ORF1a:S3099L,ORF1a:T3255I,ORF1a:T3646A,ORF1a:T4090I,ORF1b:P314L,ORF1b:G662S,ORF1b:H716Y,ORF1b:P1000L,ORF1b:A1918V,ORF1b:R2613N,ORF3a:A23V,ORF3a:S26L,ORF7a:V82A,ORF7a:T120I,ORF7b:T40I,ORF9b:T60A,S:T19R,S:T95I,S:G142D,S:R158G,S:V213A,S:L452R,S:T478K,S:D614G,S:Q677H,S:P681R,S:D950N","ORF8:D119-,ORF8:F120-,S:E156-,S:F157-",,,C13860T|20J,"C2902T,C6330T,C9561T,C12534T,C15613T,T18384C,C21304A,G21305A,T22200C,G23593T,C26611T,A27723T,T28229C,A29697G",0,1,14,15,,NODE_0000575,"C925T,C2902T,C6330T,G9053T,C9474T,C9559T,C9561T,C12534T,C13860T,C15240T,C15613T,T18384C,C21304A,G21305A,C21846T,T22200C,G23593T,C25460T,C26611T,A27723T,T28007C,T28229C,A29697G",,"M:T30I,ORF1a:S2022L,ORF1a:V2930L,ORF1a:A3070V,ORF1a:S3099L,ORF1a:T4090I,ORF1b:H716Y,ORF1b:R2613N,ORF3a:A23V,S:T95I,S:V213A,S:Q677H",,AY.101,"C2902T,C6330T,C9561T,C12534T,C13860T,C15613T,T18384C,C21304A,G21305A,T22200C,G23593T,C26611T,A27723T,T28229C,A29697G",,"M:T30I,ORF1a:S2022L,ORF1a:S3099L,ORF1a:T4090I,ORF1b:H716Y,ORF1b:R2613N,S:V213A,S:Q677H",,N/A,N/A,N/A,N/A,N/A,N/A,N/A,N/A,N/A,N/A,,NA,3000,0,good,0,10,0,good,0,24,10,41.666667,mediocre,18,,0,good,0,NA,0,,0,0,good,NA,0,0,good,0,NA,NA,NA,NA,I_3,F,69,No,No,7,No,0,Casirivimab and Imdevimab,Remdesiver,NA,NA,26,exact,260/57,Immunocompromised,12/29/21,Yes,Solid tumor,Italy,Padua,Nasopharyngeal swab,Symptomatic,Symptomatic,4,Manuto_2024,69,60-69,monoclonal_ab+antivirals
OR841427,21K,21K (BA.1),Omicron,21K,BA.1,BA.1,0,good,56,39,9,0,0,0,46,16,1,0,89105,51,29883,0.997659098,FALSE,"C241T,A2832G,C3037T,T5386G,G8393A,C10029T,C10449A,A11537G,T13195C,C14408T,C15240T,A18163G,A18585C,A20418G,C21762T,C21846T,G22578A,T22673C,C22674T,T22679C,C22686T,G22813T,T22882G,G22898A,G22992A,C22995A,A23013C,A23040G,G23048A,A23055G,A23063T,T23075C,C23202A,A23403G,C23525T,T23599G,C23604A,C23854A,G23948T,C24130A,A24424T,T24469A,C24503T,C25000T,C25584T,C26270T,A26530G,C26577G,G26709A,A27259C,C27807T,A28271T,C28311T,G28881A,G28882A,G28883C","6513-6515,11285-11293,21765-21770,21987-21995,22194-22196,28362-28370",22204:GAGCCAGAA,,"E:T9I,M:D3G,M:Q19E,M:A63T,N:P13L,N:R203K,N:G204R,ORF1a:K856R,ORF1a:L2084I,ORF1a:A2710T,ORF1a:T3255I,ORF1a:P3395H,ORF1a:I3758V,ORF1b:P314L,ORF1b:I1566V,ORF9b:P10S,S:A67V,S:T95I,S:Y145D,S:L212I,S:G339D,S:S371L,S:S373P,S:S375F,S:K417N,S:N440K,S:G446S,S:S477N,S:T478K,S:E484A,S:Q493R,S:G496S,S:Q498R,S:N501Y,S:Y505H,S:T547K,S:D614G,S:H655Y,S:N679K,S:P681H,S:N764K,S:D796Y,S:N856K,S:Q954H,S:N969K,S:L981F","N:E31-,N:R32-,N:S33-,ORF1a:S2083-,ORF1a:L3674-,ORF1a:S3675-,ORF1a:G3676-,ORF9b:E27-,ORF9b:N28-,ORF9b:A29-,S:H69-,S:V70-,S:G142-,S:V143-,S:Y144-,S:N211-",S:214:EPE,,,"A18585C,A20418G",0,0,2,2,,NODE_0000682,"A18585C,A20418G",,,,NODE_0000682,"A18585C,A20418G",,,,N/A,N/A,N/A,N/A,N/A,N/A,N/A,N/A,N/A,N/A,,NA,3000,0,good,0,10,0,good,0,24,-6,0,good,2,,0,good,0,NA,0,,0,0,good,NA,0,0,good,0,NA,NA,NA,NA,I_5,M,49,No,No,7,Yes,2,Bamlanivimab and Etesevimab,NA,NA,NA,15,exact,243/27,Immunocompromised,12/30/21,Yes,Organ Transplant,Italy,Padua,Nasopharyngeal swab,Symptomatic,Symptomatic,0,Manuto_2024,49,40-49,monoclonal_ab
OR841428,21J,21J (Delta),Delta,21J,B.1.617.2.43,AY.43,0,good,41,13,0,0,0,0,35,4,0,0,89275,51,29883,0.997659098,FALSE,"G210T,C241T,G960A,C3037T,G4181T,C5526T,C6402T,C7124T,C8986T,G9053T,C10029T,A11201G,A11332G,C14408T,G15451A,C15952A,C16466T,G16935T,C18687T,C18744T,C19220T,C21618G,G21987A,T22917G,C22995A,G23120T,A23403G,C23604G,C24130T,G24410A,C25469T,T26767C,T27638C,C27752T,C27874T,A28299T,A28461G,G28881T,G28916T,G29402T,G29742T","22029-22034,28248-28253,28271",,,"M:I82T,N:Q9L,N:D63G,N:R203M,N:G215C,N:D377Y,ORF1a:R232H,ORF1a:A1306S,ORF1a:T1754I,ORF1a:P2046L,ORF1a:P2287S,ORF1a:V2930L,ORF1a:T3255I,ORF1a:T3646A,ORF1b:P314L,ORF1b:G662S,ORF1b:L829I,ORF1b:P1000L,ORF1b:M1156I,ORF1b:A1918V,ORF3a:S26L,ORF7a:V82A,ORF7a:T120I,ORF7b:T40I,ORF9b:S6C,ORF9b:T60A,S:T19R,S:G142D,S:R158G,S:L452R,S:T478K,S:A520S,S:D614G,S:P681R,S:D950N","ORF8:D119-,ORF8:F120-,S:E156-,S:F157-",,,,"G960A,C5526T,G16935T,C18687T,G23120T",0,0,5,5,,NODE_0000575,"G960A,C5526T,G9053T,C15952A,G16935T,C18687T,C18744T,G23120T,C24130T,A28299T",,"N:Q9L,ORF1a:R232H,ORF1a:T1754I,ORF1a:V2930L,ORF1b:L829I,ORF1b:M1156I,ORF9b:S6C,S:A520S",,NODE_0000597,"G960A,C5526T,G16935T,C18687T,C18744T,G23120T,C24130T",,"ORF1a:R232H,ORF1a:T1754I,ORF1b:M1156I,S:A520S",,N/A,N/A,N/A,N/A,N/A,N/A,N/A,N/A,N/A,N/A,,NA,3000,0,good,0,10,0,good,0,24,-3,0,good,5,,0,good,0,NA,0,,0,0,good,NA,0,0,good,0,NA,NA,NA,NA,I_2,M,64,No,No,14,Yes,2,Casirivimab and Imdevimab,NA,NA,NA,23.2,exact,64/32,Immunocompromised,1/3/22,Yes,Hematologic malignancy,Italy,Padua,Nasopharyngeal swab,Symptomatic,Symptomatic,4,Manuto_2024,64,60-69,monoclonal_ab
OR841429,21K,21K (BA.1),Omicron,21K,BA.1,BA.1,0,good,56,39,9,0,0,0,46,16,1,0,89105,51,29883,0.997659098,FALSE,"C241T,A2832G,C3037T,T5386G,G8393A,C10029T,C10449A,A11537G,T13195C,C14408T,C15240T,A18163G,A18585C,A20418G,C21762T,C21846T,G22578A,T22673C,C22674T,T22679C,C22686T,G22813T,T22882G,G22898A,G22992A,C22995A,A23013C,A23040G,G23048A,A23055G,A23063T,T23075C,C23202A,A23403G,C23525T,T23599G,C23604A,C23854A,G23948T,C24130A,A24424T,T24469A,C24503T,C25000T,C25584T,C26270T,A26530G,C26577G,G26709A,A27259C,C27807T,A28271T,C28311T,G28881A,G28882A,G28883C","6513-6515,11285-11293,21765-21770,21987-21995,22194-22196,28362-28370",22204:GAGCCAGAA,,"E:T9I,M:D3G,M:Q19E,M:A63T,N:P13L,N:R203K,N:G204R,ORF1a:K856R,ORF1a:L2084I,ORF1a:A2710T,ORF1a:T3255I,ORF1a:P3395H,ORF1a:I3758V,ORF1b:P314L,ORF1b:I1566V,ORF9b:P10S,S:A67V,S:T95I,S:Y145D,S:L212I,S:G339D,S:S371L,S:S373P,S:S375F,S:K417N,S:N440K,S:G446S,S:S477N,S:T478K,S:E484A,S:Q493R,S:G496S,S:Q498R,S:N501Y,S:Y505H,S:T547K,S:D614G,S:H655Y,S:N679K,S:P681H,S:N764K,S:D796Y,S:N856K,S:Q954H,S:N969K,S:L981F","N:E31-,N:R32-,N:S33-,ORF1a:S2083-,ORF1a:L3674-,ORF1a:S3675-,ORF1a:G3676-,ORF9b:E27-,ORF9b:N28-,ORF9b:A29-,S:H69-,S:V70-,S:G142-,S:V143-,S:Y144-,S:N211-",S:214:EPE,,,"A18585C,A20418G",0,0,2,2,,NODE_0000682,"A18585C,A20418G",,,,NODE_0000682,"A18585C,A20418G",,,,N/A,N/A,N/A,N/A,N/A,N/A,N/A,N/A,N/A,N/A,,NA,3000,0,good,0,10,0,good,0,24,-6,0,good,2,,0,good,0,NA,0,,0,0,good,NA,0,0,good,0,NA,NA,NA,NA,I_5,M,49,No,No,14,Yes,2,Bamlanivimab and Etesevimab,NA,NA,NA,26.9,exact,243/27,Immunocompromised,1/5/22,Yes,Organ Transplant,Italy,Padua,Nasopharyngeal swab,Symptomatic,Symptomatic,0,Manuto_2024,49,40-49,monoclonal_ab
OR841430,21K,21K (BA.1),Omicron,21K,BA.1,BA.1,0,good,55,45,9,0,1,0,47,18,1,0,89082,51,29883,0.997625656,FALSE,"C241T,A2832G,C3037T,T5386G,G8393A,C10029T,C10449A,A11537G,T13195C,C14408T,C15240T,A18163G,A20418G,C21762T,C21846T,G22578A,T22673C,C22674T,T22679C,C22686T,G22813T,T22882G,G22898A,G22992A,C22995A,A23013C,A23040G,G23048A,A23055G,A23063T,T23075C,C23202A,A23403G,C23525T,T23599G,C23604A,C23854A,G23948T,C24130A,A24424T,T24469A,C24503T,C25000T,C25584T,C26270T,A26530G,C26577G,G26709A,A27259C,C27807T,A28271T,C28311T,G28881A,G28882A,G28883C","519-524,6513-6515,11285-11293,21765-21770,21987-21995,22194-22196,28362-28370",22204:GAGCCAGAA,,"E:T9I,M:D3G,M:Q19E,M:A63T,N:P13L,N:R203K,N:G204R,ORF1a:E87K,ORF1a:K856R,ORF1a:L2084I,ORF1a:A2710T,ORF1a:T3255I,ORF1a:P3395H,ORF1a:I3758V,ORF1b:P314L,ORF1b:I1566V,ORF9b:P10S,S:A67V,S:T95I,S:Y145D,S:L212I,S:G339D,S:S371L,S:S373P,S:S375F,S:K417N,S:N440K,S:G446S,S:S477N,S:T478K,S:E484A,S:Q493R,S:G496S,S:Q498R,S:N501Y,S:Y505H,S:T547K,S:D614G,S:H655Y,S:N679K,S:P681H,S:N764K,S:D796Y,S:N856K,S:Q954H,S:N969K,S:L981F","N:E31-,N:R32-,N:S33-,ORF1a:V84-,ORF1a:M85-,ORF1a:S2083-,ORF1a:L3674-,ORF1a:S3675-,ORF1a:G3676-,ORF9b:E27-,ORF9b:N28-,ORF9b:A29-,S:H69-,S:V70-,S:G142-,S:V143-,S:Y144-,S:N211-",S:214:EPE,,,A20418G,0,0,1,1,18585,NODE_0000682,A20418G,519-524,ORF1a:E87K,"ORF1a:V84-,ORF1a:M85-",NODE_0000682,A20418G,519-524,ORF1a:E87K,"ORF1a:V84-,ORF1a:M85-",N/A,N/A,N/A,N/A,N/A,N/A,N/A,N/A,N/A,N/A,,NA,3000,0,good,1,10,0,good,0,24,-6,0,good,2,,0,good,0,NA,0,,0,0,good,NA,0,0,good,0,NA,NA,NA,NA,I_5,M,49,No,No,21,Yes,2,Bamlanivimab and Etesevimab,NA,NA,NA,31.8,exact,243/27,Immunocompromised,1/14/22,Yes,Organ Transplant,Italy,Padua,Nasopharyngeal swab,Symptomatic,Symptomatic,0,Manuto_2024,49,40-49,monoclonal_ab
OR841431,21K,21K (BA.1),Omicron,21K,BA.1.1,BA.1.1,0,good,60,39,9,0,0,0,49,16,1,0,89089,51,29883,0.997659098,FALSE,"C241T,C1567T,C2470T,A2832G,C3037T,T5386G,G8393A,C9521T,C10029T,C10449A,A11537G,T13195C,C14408T,C15240T,A18163G,C21762T,C21846T,G22578A,G22599A,T22673C,C22674T,T22679C,C22686T,G22813T,T22882G,G22898A,G22992A,C22995A,A23013C,A23040G,G23048A,A23055G,A23063T,T23075C,C23202A,A23403G,C23525T,T23599G,C23604A,C23854A,G23948T,C24130A,A24424T,A24461G,T24469A,C24503T,C25000T,C25584T,C26270T,A26530G,C26577G,G26709A,A27259C,C27549T,C27807T,A28271T,C28311T,G28881A,G28882A,G28883C","6513-6515,11285-11293,21765-21770,21987-21995,22194-22196,28362-28370",22204:GAGCCAGAA,,"E:T9I,M:D3G,M:Q19E,M:A63T,N:P13L,N:R203K,N:G204R,ORF1a:K856R,ORF1a:L2084I,ORF1a:A2710T,ORF1a:L3086F,ORF1a:T3255I,ORF1a:P3395H,ORF1a:I3758V,ORF1b:P314L,ORF1b:I1566V,ORF9b:P10S,S:A67V,S:T95I,S:Y145D,S:L212I,S:G339D,S:R346K,S:S371L,S:S373P,S:S375F,S:K417N,S:N440K,S:G446S,S:S477N,S:T478K,S:E484A,S:Q493R,S:G496S,S:Q498R,S:N501Y,S:Y505H,S:T547K,S:D614G,S:H655Y,S:N679K,S:P681H,S:N764K,S:D796Y,S:N856K,S:Q954H,S:S967G,S:N969K,S:L981F","N:E31-,N:R32-,N:S33-,ORF1a:S2083-,ORF1a:L3674-,ORF1a:S3675-,ORF1a:G3676-,ORF9b:E27-,ORF9b:N28-,ORF9b:A29-,S:H69-,S:V70-,S:G142-,S:V143-,S:Y144-,S:N211-",S:214:EPE,,,"C1567T,C9521T,A24461G,C27549T",0,0,4,4,,NODE_0000682,"C1567T,C2470T,C9521T,G22599A,A24461G,C27549T",,"ORF1a:L3086F,S:R346K,S:S967G",,NODE_0000690,"C1567T,C2470T,C9521T,A24461G,C27549T",,"ORF1a:L3086F,S:S967G",,N/A,N/A,N/A,N/A,N/A,N/A,N/A,N/A,N/A,N/A,,NA,3000,0,good,0,10,0,good,0,24,-4,0,good,4,,0,good,0,NA,0,,0,0,good,NA,0,0,good,0,NA,NA,NA,NA,I_7,M,55,No,No,3,Yes,2,SOT,NA,NA,NA,29.9,exact,192/62,Immunocompromised,2/18/22,Yes,Hematologic malignancy,Italy,Padua,Nasopharyngeal swab,Symptomatic,Symptomatic,3,Manuto_2024,55,50-59,monoclonal_ab
OR841432,21K,21K (BA.1),Omicron,21K,BA.1.1,BA.1.1,0,good,62,39,9,0,0,0,50,16,1,0,89081,51,29883,0.997659098,FALSE,"C241T,C1567T,C2470T,A2832G,C3037T,C4012A,T5386G,G8393A,C9521T,C9810A,C10029T,C10449A,A11537G,T13195C,C14408T,C15240T,A18163G,C21762T,C21846T,G22578A,G22599A,T22673C,C22674T,T22679C,C22686T,G22813T,T22882G,G22898A,G22992A,C22995A,A23013C,A23040G,G23048A,A23055G,A23063T,T23075C,C23202A,A23403G,C23525T,T23599G,C23604A,C23854A,G23948T,C24130A,A24424T,A24461G,T24469A,C24503T,C25000T,C25584T,C26270T,A26530G,C26577G,G26709A,A27259C,C27549T,C27807T,A28271T,C28311T,G28881A,G28882A,G28883C","6513-6515,11285-11293,21765-21770,21987-21995,22194-22196,28362-28370",22204:GAGCCAGAA,,"E:T9I,M:D3G,M:Q19E,M:A63T,N:P13L,N:R203K,N:G204R,ORF1a:K856R,ORF1a:L2084I,ORF1a:A2710T,ORF1a:L3086F,ORF1a:T3182N,ORF1a:T3255I,ORF1a:P3395H,ORF1a:I3758V,ORF1b:P314L,ORF1b:I1566V,ORF9b:P10S,S:A67V,S:T95I,S:Y145D,S:L212I,S:G339D,S:R346K,S:S371L,S:S373P,S:S375F,S:K417N,S:N440K,S:G446S,S:S477N,S:T478K,S:E484A,S:Q493R,S:G496S,S:Q498R,S:N501Y,S:Y505H,S:T547K,S:D614G,S:H655Y,S:N679K,S:P681H,S:N764K,S:D796Y,S:N856K,S:Q954H,S:S967G,S:N969K,S:L981F","N:E31-,N:R32-,N:S33-,ORF1a:S2083-,ORF1a:L3674-,ORF1a:S3675-,ORF1a:G3676-,ORF9b:E27-,ORF9b:N28-,ORF9b:A29-,S:H69-,S:V70-,S:G142-,S:V143-,S:Y144-,S:N211-",S:214:EPE,,,"C1567T,C4012A,C9521T,C9810A,A24461G,C27549T",0,0,6,6,,NODE_0000682,"C1567T,C2470T,C4012A,C9521T,C9810A,G22599A,A24461G,C27549T",,"ORF1a:L3086F,ORF1a:T3182N,S:R346K,S:S967G",,NODE_0000690,"C1567T,C2470T,C4012A,C9521T,C9810A,A24461G,C27549T",,"ORF1a:L3086F,ORF1a:T3182N,S:S967G",,N/A,N/A,N/A,N/A,N/A,N/A,N/A,N/A,N/A,N/A,,NA,3000,0,good,0,10,0,good,0,24,-2,0,good,6,,0,good,0,NA,0,,0,0,good,NA,0,0,good,0,NA,NA,NA,NA,I_7,M,55,No,No,7,Yes,2,SOT,NA,NA,NA,30.8,exact,192/62,Immunocompromised,2/22/22,Yes,Hematologic malignancy,Italy,Padua,Nasopharyngeal swab,Symptomatic,Symptomatic,3,Manuto_2024,55,50-59,monoclonal_ab
OR841433,21L,21L (BA.2),Omicron,21L,BA.2,BA.2,0,good,69,53,0,0,0,0,52,12,0,0,89036,51,29883,0.997659098,FALSE,"C241T,T670G,C2790T,C3037T,G3307A,G4184A,C4321T,C9344T,A9424G,C9534T,C9866T,C10029T,C10198T,G10447A,C10449A,C12880T,C14408T,C15714T,C17410T,A18163G,C19955T,A20055G,C21618T,G21987A,T22200G,G22578A,C22674T,T22679C,C22686T,A22688G,G22775A,A22786C,C22792T,G22813T,T22882G,G22992A,C22995A,A23013C,A23040G,A23055G,A23063T,T23075C,A23403G,C23525T,T23599G,C23604A,C23854A,G23948T,A24424T,T24469A,C25000T,C25584T,C26060T,C26270T,C26577G,G26709A,C26858T,A27259C,G27382C,A27383T,T27384C,C27807T,A28271T,C28311T,C28674T,G28881A,G28882A,G28883C,A29510C","11288-11296,21633-21641,28362-28370,29734-29759",,,"E:T9I,M:Q19E,M:A63T,N:P13L,N:A134V,N:R203K,N:G204R,N:S413R,ORF1a:S135R,ORF1a:T842I,ORF1a:M1014I,ORF1a:G1307S,ORF1a:L3027F,ORF1a:T3090I,ORF1a:L3201F,ORF1a:T3255I,ORF1a:P3395H,ORF1b:P314L,ORF1b:R1315C,ORF1b:I1566V,ORF1b:T2163I,ORF3a:T223I,ORF6:D61L,ORF9b:P10S,S:T19I,S:A27S,S:G142D,S:V213G,S:G339D,S:S371F,S:S373P,S:S375F,S:T376A,S:D405N,S:R408S,S:K417N,S:N440K,S:S477N,S:T478K,S:E484A,S:Q493R,S:Q498R,S:N501Y,S:Y505H,S:D614G,S:H655Y,S:N679K,S:P681H,S:N764K,S:D796Y,S:Q954H,S:N969K","N:E31-,N:R32-,N:S33-,ORF1a:S3675-,ORF1a:G3676-,ORF1a:F3677-,ORF9b:E27-,ORF9b:N28-,ORF9b:A29-,S:L24-,S:P25-,S:P26-",,,,"G3307A,C28674T",0,0,2,2,,NODE_0000695,"G3307A,C9866T,C22792T,C28674T",,"N:A134V,ORF1a:M1014I,ORF1a:L3201F",,NODE_0000695,"G3307A,C9866T,C22792T,C28674T",,"N:A134V,ORF1a:M1014I,ORF1a:L3201F",,N/A,N/A,N/A,N/A,N/A,N/A,N/A,N/A,N/A,N/A,,NA,3000,0,good,0,10,0,good,0,24,-6,0,good,2,,0,good,0,NA,0,,0,0,good,NA,0,0,good,0,NA,NA,NA,NA,I_8,M,58,No,No,3,Yes,2,NA,Remdesiver,NA,NA,19.2,exact,240/54,Immunocompromised,1/4/22,Yes,Solid tumor,Italy,Padua,Nasopharyngeal swab,Symptomatic,Symptomatic,3,Manuto_2024,58,50-59,antivirals
OR841434,21K,21K (BA.1),Omicron,21K,BA.1.1,BA.1.1,0,good,59,39,9,0,0,0,49,16,1,0,89093,51,29883,0.997659098,FALSE,"C241T,A2832G,C3037T,T5386G,G5761A,C5986T,G8393A,C10029T,C10449A,A11537G,T13195C,A13756G,C14408T,C15240T,A18163G,G19999T,C21762T,C21846T,G22578A,G22599A,T22673C,C22674T,T22679C,C22686T,G22813T,T22882G,G22898A,G22992A,C22995A,A23013C,A23040G,G23048A,A23055G,A23063T,T23075C,C23202A,A23403G,C23525T,T23599G,C23604A,C23854A,G23948T,C24130A,A24424T,T24469A,C24503T,C25000T,C25584T,C26270T,A26530G,C26577G,G26709A,A27259C,C27807T,A28271T,C28311T,G28881A,G28882A,G28883C","6513-6515,11285-11293,21765-21770,21987-21995,22194-22196,28362-28370",22204:GAGCCAGAA,,"E:T9I,M:D3G,M:Q19E,M:A63T,N:P13L,N:R203K,N:G204R,ORF1a:K856R,ORF1a:L2084I,ORF1a:A2710T,ORF1a:T3255I,ORF1a:P3395H,ORF1a:I3758V,ORF1b:I97V,ORF1b:P314L,ORF1b:I1566V,ORF1b:V2178F,ORF9b:P10S,S:A67V,S:T95I,S:Y145D,S:L212I,S:G339D,S:R346K,S:S371L,S:S373P,S:S375F,S:K417N,S:N440K,S:G446S,S:S477N,S:T478K,S:E484A,S:Q493R,S:G496S,S:Q498R,S:N501Y,S:Y505H,S:T547K,S:D614G,S:H655Y,S:N679K,S:P681H,S:N764K,S:D796Y,S:N856K,S:Q954H,S:N969K,S:L981F","N:E31-,N:R32-,N:S33-,ORF1a:S2083-,ORF1a:L3674-,ORF1a:S3675-,ORF1a:G3676-,ORF9b:E27-,ORF9b:N28-,ORF9b:A29-,S:H69-,S:V70-,S:G142-,S:V143-,S:Y144-,S:N211-",S:214:EPE,,C5986T|20I,"G5761A,A13756G,G19999T",0,1,3,4,,NODE_0000682,"G5761A,C5986T,A13756G,G19999T,G22599A",,"ORF1b:I97V,ORF1b:V2178F,S:R346K",,NODE_0000690,"G5761A,C5986T,A13756G,G19999T",,"ORF1b:I97V,ORF1b:V2178F",,N/A,N/A,N/A,N/A,N/A,N/A,N/A,N/A,N/A,N/A,,NA,3000,0,good,0,10,0,good,0,24,-1,0,good,7,,0,good,0,NA,0,,0,0,good,NA,0,0,good,0,NA,NA,NA,NA,H_13,F,48,No,No,3,Yes,2,NA,Remdesiver,NA,NA,15.2,exact,unknown,Immunocompetent,2/15/22,Yes,Chronic liver disease,Italy,Padua,Nasopharyngeal swab,Symptomatic,Symptomatic,1,Manuto_2024,48,40-49,antivirals
OR841435,21J,21J (Delta),Delta,21J,B.1.617.2.98.1,AY.98.1,0,good,43,13,0,0,0,0,35,4,0,0,89267,51,29883,0.997659098,FALSE,"G210T,C241T,G526T,T2216G,G2518T,C3037T,G4181T,G5437T,C6402T,C7124T,C7768T,C8986T,G9053T,C10029T,G11042T,A11201G,A11332G,C13458T,C14408T,G15451A,C16466T,C19220T,C19524T,C21618G,G21987A,C22314T,T22917G,C22995A,A23403G,C23604G,G24410A,C25318T,C25469T,T26767C,T27638C,C27752T,C27874T,G28086T,A28461G,G28881T,G28916T,G29402T,G29742T","22029-22034,28248-28253,28271",,,"M:I82T,N:D63G,N:R203M,N:G215C,N:D377Y,ORF1a:E87D,ORF1a:F651V,ORF1a:A1306S,ORF1a:E1724D,ORF1a:P2046L,ORF1a:P2287S,ORF1a:V2930L,ORF1a:T3255I,ORF1a:V3593F,ORF1a:T3646A,ORF1a:S4398L,ORF1b:P314L,ORF1b:G662S,ORF1b:P1000L,ORF1b:A1918V,ORF3a:S26L,ORF7a:V82A,ORF7a:T120I,ORF7b:T40I,ORF8:A65S,ORF9b:T60A,S:T19R,S:G142D,S:R158G,S:P251L,S:L452R,S:T478K,S:D614G,S:P681R,S:D950N","ORF8:D119-,ORF8:F120-,S:E156-,S:F157-",,,G11042T|24A&24E&24C&24B&23I&24G&24F&24H&24I,"T2216G,C13458T,C25318T",0,1,3,4,,NODE_0000575,"G526T,T2216G,G2518T,G5437T,C7768T,G9053T,G11042T,C13458T,C19524T,C22314T,C25318T,G28086T",,"ORF1a:E87D,ORF1a:F651V,ORF1a:E1724D,ORF1a:V2930L,ORF1a:V3593F,ORF1a:S4398L,ORF8:A65S,S:P251L",,AY.98.1,"T2216G,G11042T,C13458T,C25318T",,"ORF1a:F651V,ORF1a:V3593F,ORF1a:S4398L",,N/A,N/A,N/A,N/A,N/A,N/A,N/A,N/A,N/A,N/A,,NA,3000,0,good,0,10,0,good,0,24,-1,0,good,7,,0,good,0,NA,0,,0,0,good,NA,0,0,good,0,NA,NA,NA,NA,I_1,M,45,No,No,0,No,0,Casirivimab and Imdevimab,NA,NA,NA,25,exact,63/25,Immunocompromised,12/14/21,Yes,Hematologic malignancy,Italy,Padua,Nasopharyngeal swab,Symptomatic,Symptomatic,2,Manuto_2024,45,40-49,monoclonal_ab
OR841436,21J,21J (Delta),Delta,21J,B.1.617.2.98.1,AY.98.1,0,good,43,13,0,0,0,0,35,4,0,0,89267,51,29883,0.997659098,FALSE,"G210T,C241T,G526T,T2216G,G2518T,C3037T,G4181T,G5437T,C6402T,C7124T,C7768T,C8986T,G9053T,C10029T,G11042T,A11201G,A11332G,C13458T,C14408T,G15451A,C16466T,C19220T,C19524T,C21618G,G21987A,C22314T,T22917G,C22995A,A23403G,C23604G,G24410A,C25318T,C25469T,T26767C,T27638C,C27752T,C27874T,G28086T,A28461G,G28881T,G28916T,G29402T,G29742T","22029-22034,28248-28253,28271",,,"M:I82T,N:D63G,N:R203M,N:G215C,N:D377Y,ORF1a:E87D,ORF1a:F651V,ORF1a:A1306S,ORF1a:E1724D,ORF1a:P2046L,ORF1a:P2287S,ORF1a:V2930L,ORF1a:T3255I,ORF1a:V3593F,ORF1a:T3646A,ORF1a:S4398L,ORF1b:P314L,ORF1b:G662S,ORF1b:P1000L,ORF1b:A1918V,ORF3a:S26L,ORF7a:V82A,ORF7a:T120I,ORF7b:T40I,ORF8:A65S,ORF9b:T60A,S:T19R,S:G142D,S:R158G,S:P251L,S:L452R,S:T478K,S:D614G,S:P681R,S:D950N","ORF8:D119-,ORF8:F120-,S:E156-,S:F157-",,,G11042T|24A&24E&24C&24B&23I&24G&24F&24H&24I,"T2216G,C13458T,C25318T",0,1,3,4,,NODE_0000575,"G526T,T2216G,G2518T,G5437T,C7768T,G9053T,G11042T,C13458T,C19524T,C22314T,C25318T,G28086T",,"ORF1a:E87D,ORF1a:F651V,ORF1a:E1724D,ORF1a:V2930L,ORF1a:V3593F,ORF1a:S4398L,ORF8:A65S,S:P251L",,AY.98.1,"T2216G,G11042T,C13458T,C25318T",,"ORF1a:F651V,ORF1a:V3593F,ORF1a:S4398L",,N/A,N/A,N/A,N/A,N/A,N/A,N/A,N/A,N/A,N/A,,NA,3000,0,good,0,10,0,good,0,24,-1,0,good,7,,0,good,0,NA,0,,0,0,good,NA,0,0,good,0,NA,NA,NA,NA,I_1,M,45,No,No,3,No,0,Casirivimab and Imdevimab,NA,NA,NA,25,exact,63/25,Immunocompromised,12/17/21,Yes,Hematologic malignancy,Italy,Padua,Nasopharyngeal swab,Symptomatic,Symptomatic,2,Manuto_2024,45,40-49,monoclonal_ab
OR841437,21J,21J (Delta),Delta,21J,B.1.617.2.98.1,AY.98.1,0,good,42,13,0,0,1,0,35,4,0,0,89270,51,29883,0.997625656,FALSE,"G210T,C241T,G526T,T2216G,G2518T,C3037T,G4181T,G5437T,C6402T,C7124T,C7768T,C8986T,G9053T,C10029T,G11042T,A11201G,A11332G,C13458T,C14408T,G15451A,C16466T,C19220T,C19524T,C21618G,G21987A,C22314T,T22917G,C22995A,A23403G,C23604G,G24410A,C25469T,T26767C,T27638C,C27752T,C27874T,G28086T,A28461G,G28881T,G28916T,G29402T,G29742T","22029-22034,28248-28253,28271",,,"M:I82T,N:D63G,N:R203M,N:G215C,N:D377Y,ORF1a:E87D,ORF1a:F651V,ORF1a:A1306S,ORF1a:E1724D,ORF1a:P2046L,ORF1a:P2287S,ORF1a:V2930L,ORF1a:T3255I,ORF1a:V3593F,ORF1a:T3646A,ORF1a:S4398L,ORF1b:P314L,ORF1b:G662S,ORF1b:P1000L,ORF1b:A1918V,ORF3a:S26L,ORF7a:V82A,ORF7a:T120I,ORF7b:T40I,ORF8:A65S,ORF9b:T60A,S:T19R,S:G142D,S:R158G,S:P251L,S:L452R,S:T478K,S:D614G,S:P681R,S:D950N","ORF8:D119-,ORF8:F120-,S:E156-,S:F157-",,,G11042T|24A&24E&24C&24B&23I&24G&24F&24H&24I,"T2216G,C13458T",0,1,2,3,25318,NODE_0000575,"G526T,T2216G,G2518T,G5437T,C7768T,G9053T,G11042T,C13458T,C19524T,C22314T,G28086T",,"ORF1a:E87D,ORF1a:F651V,ORF1a:E1724D,ORF1a:V2930L,ORF1a:V3593F,ORF1a:S4398L,ORF8:A65S,S:P251L",,AY.98.1,"T2216G,G11042T,C13458T",,"ORF1a:F651V,ORF1a:V3593F,ORF1a:S4398L",,N/A,N/A,N/A,N/A,N/A,N/A,N/A,N/A,N/A,N/A,,NA,3000,0,good,1,10,0,good,0,24,-2,0,good,6,,0,good,0,NA,0,,0,0,good,NA,0,0,good,0,NA,NA,NA,NA,I_1,M,45,No,No,7,No,0,Casirivimab and Imdevimab,NA,NA,NA,25,exact,63/25,Immunocompromised,12/21/21,Yes,Hematologic malignancy,Italy,Padua,Nasopharyngeal swab,Symptomatic,Symptomatic,2,Manuto_2024,45,40-49,monoclonal_ab
OR841438,21J,21J (Delta),Delta,21J,B.1.617.2.43,AY.43,17.361111,good,48,13,0,0,0,0,35,4,0,0,89247,51,29883,0.997659098,FALSE,"G210T,C241T,C313T,C829T,G1940A,C3037T,G4181T,C6402T,C7124T,T8899C,C8986T,G9053T,C10029T,A11201G,A11332G,C13945T,C14408T,G15451A,C15952A,C16466T,C17010T,C17410T,C18171T,C18744T,C19220T,T20613C,C21618G,G21987A,C22000T,T22917G,C22995A,A23403G,C23604G,A23746G,C24130T,G24410A,C25469T,T26767C,T27638C,C27752T,C27874T,G27990T,A28299T,A28461G,G28881T,G28916T,G29402T,G29742T","22029-22034,28248-28253,28271",,,"M:I82T,N:Q9L,N:D63G,N:R203M,N:G215C,N:D377Y,ORF1a:V559M,ORF1a:A1306S,ORF1a:P2046L,ORF1a:P2287S,ORF1a:V2930L,ORF1a:T3255I,ORF1a:T3646A,ORF1b:P160S,ORF1b:P314L,ORF1b:G662S,ORF1b:L829I,ORF1b:P1000L,ORF1b:R1315C,ORF1b:A1918V,ORF3a:S26L,ORF7a:V82A,ORF7a:T120I,ORF7b:T40I,ORF8:V33F,ORF9b:S6C,ORF9b:T60A,S:T19R,S:G142D,S:R158G,S:L452R,S:T478K,S:D614G,S:P681R,S:D950N","ORF8:D119-,ORF8:F120-,S:E156-,S:F157-",,,"C17410T|21L&22B&22E&23A&22C&24A&22A&23F&23D&23B&22D&22F&24E&23C&rec&24C&23E&23H&24B&23I&24G&23G&24F&24D&24H&24I,C18171T|21D","C313T,C829T,G1940A,T8899C,C13945T,C17010T,T20613C,C22000T,A23746G,G27990T",0,2,10,12,,NODE_0000575,"C313T,C829T,G1940A,T8899C,G9053T,C13945T,C15952A,C17010T,C17410T,C18171T,C18744T,T20613C,C22000T,A23746G,C24130T,G27990T,A28299T",,"N:Q9L,ORF1a:V559M,ORF1a:V2930L,ORF1b:P160S,ORF1b:L829I,ORF1b:R1315C,ORF8:V33F,ORF9b:S6C",,NODE_0000597,"C313T,C829T,G1940A,T8899C,C13945T,C17010T,C17410T,C18171T,C18744T,T20613C,C22000T,A23746G,C24130T,G27990T",,"ORF1a:V559M,ORF1b:P160S,ORF1b:R1315C,ORF8:V33F",,N/A,N/A,N/A,N/A,N/A,N/A,N/A,N/A,N/A,N/A,,NA,3000,0,good,0,10,0,good,0,24,10,41.666667,mediocre,18,,0,good,0,NA,0,,0,0,good,NA,0,0,good,0,NA,NA,NA,NA,I_4,M,71,No,No,0,Yes,2,NA,Remdesiver,NA,NA,16.5,exact,827/33,Immunocompromised,12/22/21,Yes,Solid tumor,Italy,Padua,Nasopharyngeal swab,Symptomatic,Symptomatic,5,Manuto_2024,71,70-79,antivirals
OR841439,21J,21J (Delta),Delta,21J,B.1.617.2.101,AY.101,17.361111,good,54,13,0,0,0,0,39,4,0,0,89223,51,29883,0.997659098,FALSE,"G210T,C241T,C925T,C2902T,C3037T,G4181T,C6330T,C6402T,C7124T,C8986T,G9053T,C9474T,C9559T,C9561T,C10029T,A11201G,A11332G,C12534T,C13860T,C14408T,C15240T,G15451A,C15613T,C16466T,T18384C,C19220T,C21304A,G21305A,C21618G,C21846T,G21987A,T22200C,T22917G,C22995A,A23403G,G23593T,C23604G,G24410A,C25460T,C25469T,C26611T,T26767C,T27638C,A27723T,C27752T,C27874T,T28007C,T28229C,A28461G,G28881T,G28916T,G29402T,A29697G,G29742T","22029-22034,28248-28253,28271",,,"M:T30I,M:I82T,N:D63G,N:R203M,N:G215C,N:D377Y,ORF1a:A1306S,ORF1a:S2022L,ORF1a:P2046L,ORF1a:P2287S,ORF1a:V2930L,ORF1a:A3070V,ORF1a:S3099L,ORF1a:T3255I,ORF1a:T3646A,ORF1a:T4090I,ORF1b:P314L,ORF1b:G662S,ORF1b:H716Y,ORF1b:P1000L,ORF1b:A1918V,ORF1b:R2613N,ORF3a:A23V,ORF3a:S26L,ORF7a:V82A,ORF7a:T120I,ORF7b:T40I,ORF9b:T60A,S:T19R,S:T95I,S:G142D,S:R158G,S:V213A,S:L452R,S:T478K,S:D614G,S:Q677H,S:P681R,S:D950N","ORF8:D119-,ORF8:F120-,S:E156-,S:F157-",,,C13860T|20J,"C2902T,C6330T,C9561T,C12534T,C15613T,T18384C,C21304A,G21305A,T22200C,G23593T,C26611T,A27723T,T28229C,A29697G",0,1,14,15,,NODE_0000575,"C925T,C2902T,C6330T,G9053T,C9474T,C9559T,C9561T,C12534T,C13860T,C15240T,C15613T,T18384C,C21304A,G21305A,C21846T,T22200C,G23593T,C25460T,C26611T,A27723T,T28007C,T28229C,A29697G",,"M:T30I,ORF1a:S2022L,ORF1a:V2930L,ORF1a:A3070V,ORF1a:S3099L,ORF1a:T4090I,ORF1b:H716Y,ORF1b:R2613N,ORF3a:A23V,S:T95I,S:V213A,S:Q677H",,AY.101,"C2902T,C6330T,C9561T,C12534T,C13860T,C15613T,T18384C,C21304A,G21305A,T22200C,G23593T,C26611T,A27723T,T28229C,A29697G",,"M:T30I,ORF1a:S2022L,ORF1a:S3099L,ORF1a:T4090I,ORF1b:H716Y,ORF1b:R2613N,S:V213A,S:Q677H",,N/A,N/A,N/A,N/A,N/A,N/A,N/A,N/A,N/A,N/A,,NA,3000,0,good,0,10,0,good,0,24,10,41.666667,mediocre,18,,0,good,0,NA,0,,0,0,good,NA,0,0,good,0,NA,NA,NA,NA,I_3,F,69,No,No,3,No,0,Casirivimab and Imdevimab,Remdesiver,NA,NA,16.7,exact,260/57,Immunocompromised,12/25/21,Yes,Solid tumor,Italy,Padua,Nasopharyngeal swab,Symptomatic,Symptomatic,4,Manuto_2024,69,60-69,monoclonal_ab+antivirals
OR841440,21J,21J (Delta),Delta,21J,B.1.617.2.43,AY.43,21.006944,good,49,13,0,0,0,0,36,4,0,0,89243,51,29883,0.997659098,FALSE,"G210T,C241T,C313T,C829T,G1940A,C3037T,G4181T,A4822C,C6402T,C7124T,T8899C,C8986T,G9053T,C10029T,A11201G,A11332G,C13945T,C14408T,G15451A,C15952A,C16466T,C17010T,C17410T,C18171T,C18744T,C19220T,T20613C,C21618G,G21987A,C22000T,T22917G,C22995A,A23403G,C23604G,A23746G,C24130T,G24410A,C25469T,T26767C,T27638C,C27752T,C27874T,G27990T,A28299T,A28461G,G28881T,G28916T,G29402T,G29742T","22029-22034,28248-28253,28271",,,"M:I82T,N:Q9L,N:D63G,N:R203M,N:G215C,N:D377Y,ORF1a:V559M,ORF1a:A1306S,ORF1a:Q1519H,ORF1a:P2046L,ORF1a:P2287S,ORF1a:V2930L,ORF1a:T3255I,ORF1a:T3646A,ORF1b:P160S,ORF1b:P314L,ORF1b:G662S,ORF1b:L829I,ORF1b:P1000L,ORF1b:R1315C,ORF1b:A1918V,ORF3a:S26L,ORF7a:V82A,ORF7a:T120I,ORF7b:T40I,ORF8:V33F,ORF9b:S6C,ORF9b:T60A,S:T19R,S:G142D,S:R158G,S:L452R,S:T478K,S:D614G,S:P681R,S:D950N","ORF8:D119-,ORF8:F120-,S:E156-,S:F157-",,,"C17410T|21L&22B&22E&23A&22C&24A&22A&23F&23D&23B&22D&22F&24E&23C&rec&24C&23E&23H&24B&23I&24G&23G&24F&24D&24H&24I,C18171T|21D","C313T,C829T,G1940A,A4822C,T8899C,C13945T,C17010T,T20613C,C22000T,A23746G,G27990T",0,2,11,13,,NODE_0000575,"C313T,C829T,G1940A,A4822C,T8899C,G9053T,C13945T,C15952A,C17010T,C17410T,C18171T,C18744T,T20613C,C22000T,A23746G,C24130T,G27990T,A28299T",,"N:Q9L,ORF1a:V559M,ORF1a:Q1519H,ORF1a:V2930L,ORF1b:P160S,ORF1b:L829I,ORF1b:R1315C,ORF8:V33F,ORF9b:S6C",,NODE_0000597,"C313T,C829T,G1940A,A4822C,T8899C,C13945T,C17010T,C17410T,C18171T,C18744T,T20613C,C22000T,A23746G,C24130T,G27990T",,"ORF1a:V559M,ORF1a:Q1519H,ORF1b:P160S,ORF1b:R1315C,ORF8:V33F",,N/A,N/A,N/A,N/A,N/A,N/A,N/A,N/A,N/A,N/A,,NA,3000,0,good,0,10,0,good,0,24,11,45.833333,mediocre,19,,0,good,0,NA,0,,0,0,good,NA,0,0,good,0,NA,NA,NA,NA,I_4,M,71,No,No,3,Yes,2,NA,Remdesiver,NA,NA,13,exact,827/33,Immunocompromised,12/25/21,Yes,Solid tumor,Italy,Padua,Nasopharyngeal swab,Symptomatic,Symptomatic,5,Manuto_2024,71,70-79,antivirals
OR841441,21J,21J (Delta),Delta,21J,B.1.617.2.122,AY.122,2.777778,good,45,13,0,0,0,0,38,4,0,0,89259,51,29883,0.997659098,FALSE,"G210T,C241T,G1048T,C1758T,A2387G,C3037T,G4181T,C6402T,C7124T,C8986T,G9053T,C10029T,A11201G,A11332G,G11417T,C13329T,C14408T,G15451A,C15746A,C16466T,T17565G,C18457T,G18651T,C19220T,G20937T,C21618G,T21798A,G21987A,T22307C,T22917G,C22995A,A23403G,C23604G,G24410A,C25469T,T26767C,C27527T,T27638C,C27752T,C27874T,A28461G,G28881T,G28916T,G29402T,G29742T","22029-22034,28248-28253,28271",,,"M:I82T,N:D63G,N:R203M,N:G215C,N:D377Y,ORF1a:K261N,ORF1a:A498V,ORF1a:T708A,ORF1a:A1306S,ORF1a:P2046L,ORF1a:P2287S,ORF1a:V2930L,ORF1a:T3255I,ORF1a:T3646A,ORF1a:V3718F,ORF1a:T4355I,ORF1b:P314L,ORF1b:G662S,ORF1b:T760N,ORF1b:P1000L,ORF1b:P1664S,ORF1b:E1728D,ORF1b:A1918V,ORF3a:S26L,ORF7a:P45L,ORF7a:V82A,ORF7a:T120I,ORF7b:T40I,ORF9b:T60A,S:T19R,S:F79Y,S:G142D,S:R158G,S:L452R,S:T478K,S:D614G,S:P681R,S:D950N","ORF8:D119-,ORF8:F120-,S:E156-,S:F157-",,,,"C1758T,A2387G,G11417T,C13329T,C15746A,T17565G,C18457T,G18651T,G20937T,T21798A,T22307C,C27527T",0,0,12,12,,NODE_0000575,"G1048T,C1758T,A2387G,G9053T,G11417T,C13329T,C15746A,T17565G,C18457T,G18651T,G20937T,T21798A,T22307C,C27527T",,"ORF1a:K261N,ORF1a:A498V,ORF1a:T708A,ORF1a:V2930L,ORF1a:V3718F,ORF1a:T4355I,ORF1b:T760N,ORF1b:P1664S,ORF1b:E1728D,ORF7a:P45L,S:F79Y",,NODE_0000578,"C1758T,A2387G,G11417T,C13329T,C15746A,T17565G,C18457T,G18651T,G20937T,T21798A,T22307C,C27527T",,"ORF1a:A498V,ORF1a:T708A,ORF1a:V3718F,ORF1a:T4355I,ORF1b:T760N,ORF1b:P1664S,ORF1b:E1728D,ORF7a:P45L,S:F79Y",,N/A,N/A,N/A,N/A,N/A,N/A,N/A,N/A,N/A,N/A,,NA,3000,0,good,0,10,0,good,0,24,4,16.666667,good,12,,0,good,0,NA,0,,0,0,good,NA,0,0,good,0,NA,NA,NA,NA,H_1,M,37,No,No,3,Yes,2,NA,Remdesiver,NA,NA,16.3,exact,unknown,Immunocompetent,12/27/21,Yes,Obesity,Italy,Padua,Nasopharyngeal swab,Symptomatic,Symptomatic,0,Manuto_2024,37,30-39,antivirals
OR841442,21J,21J (Delta),Delta,21J,B.1.617.2.43,AY.43,25,good,50,13,0,0,0,0,37,4,0,0,89239,51,29883,0.997659098,FALSE,"G210T,C241T,C313T,C829T,G1940A,C3037T,G4181T,A4822C,C6402T,C7124T,T8899C,C8986T,G9053T,C10029T,A11201G,A11332G,C13945T,C14408T,G15451A,C15952A,C16466T,C17010T,C17410T,C18171T,C18744T,C19220T,T20613C,C21618G,G21987A,C22000T,A22821C,T22917G,C22995A,A23403G,C23604G,A23746G,C24130T,G24410A,C25469T,T26767C,T27638C,C27752T,C27874T,G27990T,A28299T,A28461G,G28881T,G28916T,G29402T,G29742T","22029-22034,28248-28253,28271",,,"M:I82T,N:Q9L,N:D63G,N:R203M,N:G215C,N:D377Y,ORF1a:V559M,ORF1a:A1306S,ORF1a:Q1519H,ORF1a:P2046L,ORF1a:P2287S,ORF1a:V2930L,ORF1a:T3255I,ORF1a:T3646A,ORF1b:P160S,ORF1b:P314L,ORF1b:G662S,ORF1b:L829I,ORF1b:P1000L,ORF1b:R1315C,ORF1b:A1918V,ORF3a:S26L,ORF7a:V82A,ORF7a:T120I,ORF7b:T40I,ORF8:V33F,ORF9b:S6C,ORF9b:T60A,S:T19R,S:G142D,S:R158G,S:D420A,S:L452R,S:T478K,S:D614G,S:P681R,S:D950N","ORF8:D119-,ORF8:F120-,S:E156-,S:F157-",,,"C17410T|21L&22B&22E&23A&22C&24A&22A&23F&23D&23B&22D&22F&24E&23C&rec&24C&23E&23H&24B&23I&24G&23G&24F&24D&24H&24I,C18171T|21D","C313T,C829T,G1940A,A4822C,T8899C,C13945T,C17010T,T20613C,C22000T,A22821C,A23746G,G27990T",0,2,12,14,,NODE_0000575,"C313T,C829T,G1940A,A4822C,T8899C,G9053T,C13945T,C15952A,C17010T,C17410T,C18171T,C18744T,T20613C,C22000T,A22821C,A23746G,C24130T,G27990T,A28299T",,"N:Q9L,ORF1a:V559M,ORF1a:Q1519H,ORF1a:V2930L,ORF1b:P160S,ORF1b:L829I,ORF1b:R1315C,ORF8:V33F,ORF9b:S6C,S:D420A",,NODE_0000597,"C313T,C829T,G1940A,A4822C,T8899C,C13945T,C17010T,C17410T,C18171T,C18744T,T20613C,C22000T,A22821C,A23746G,C24130T,G27990T",,"ORF1a:V559M,ORF1a:Q1519H,ORF1b:P160S,ORF1b:R1315C,ORF8:V33F,S:D420A",,N/A,N/A,N/A,N/A,N/A,N/A,N/A,N/A,N/A,N/A,,NA,3000,0,good,0,10,0,good,0,24,12,50,mediocre,20,,0,good,0,NA,0,,0,0,good,NA,0,0,good,0,NA,NA,NA,NA,I_4,M,71,No,No,7,Yes,2,NA,Remdesiver,NA,NA,23,exact,827/33,Immunocompromised,12/29/21,Yes,Solid tumor,Italy,Padua,Nasopharyngeal swab,Symptomatic,Symptomatic,5,Manuto_2024,71,70-79,antivirals
OR841443,21J,21J (Delta),Delta,21J,B.1.617.2.122,AY.122,2.777778,good,45,13,0,0,0,0,38,4,0,0,89259,51,29883,0.997659098,FALSE,"G210T,C241T,G1048T,C1758T,A2387G,C3037T,G4181T,C6402T,C7124T,C8986T,G9053T,C10029T,A11201G,A11332G,G11417T,C13329T,C14408T,G15451A,C15746A,C16466T,T17565G,C18457T,G18651T,C19220T,G20937T,C21618G,T21798A,G21987A,T22307C,T22917G,C22995A,A23403G,C23604G,G24410A,C25469T,T26767C,C27527T,T27638C,C27752T,C27874T,A28461G,G28881T,G28916T,G29402T,G29742T","22029-22034,28248-28253,28271",,,"M:I82T,N:D63G,N:R203M,N:G215C,N:D377Y,ORF1a:K261N,ORF1a:A498V,ORF1a:T708A,ORF1a:A1306S,ORF1a:P2046L,ORF1a:P2287S,ORF1a:V2930L,ORF1a:T3255I,ORF1a:T3646A,ORF1a:V3718F,ORF1a:T4355I,ORF1b:P314L,ORF1b:G662S,ORF1b:T760N,ORF1b:P1000L,ORF1b:P1664S,ORF1b:E1728D,ORF1b:A1918V,ORF3a:S26L,ORF7a:P45L,ORF7a:V82A,ORF7a:T120I,ORF7b:T40I,ORF9b:T60A,S:T19R,S:F79Y,S:G142D,S:R158G,S:L452R,S:T478K,S:D614G,S:P681R,S:D950N","ORF8:D119-,ORF8:F120-,S:E156-,S:F157-",,,,"C1758T,A2387G,G11417T,C13329T,C15746A,T17565G,C18457T,G18651T,G20937T,T21798A,T22307C,C27527T",0,0,12,12,,NODE_0000575,"G1048T,C1758T,A2387G,G9053T,G11417T,C13329T,C15746A,T17565G,C18457T,G18651T,G20937T,T21798A,T22307C,C27527T",,"ORF1a:K261N,ORF1a:A498V,ORF1a:T708A,ORF1a:V2930L,ORF1a:V3718F,ORF1a:T4355I,ORF1b:T760N,ORF1b:P1664S,ORF1b:E1728D,ORF7a:P45L,S:F79Y",,NODE_0000578,"C1758T,A2387G,G11417T,C13329T,C15746A,T17565G,C18457T,G18651T,G20937T,T21798A,T22307C,C27527T",,"ORF1a:A498V,ORF1a:T708A,ORF1a:V3718F,ORF1a:T4355I,ORF1b:T760N,ORF1b:P1664S,ORF1b:E1728D,ORF7a:P45L,S:F79Y",,N/A,N/A,N/A,N/A,N/A,N/A,N/A,N/A,N/A,N/A,,NA,3000,0,good,0,10,0,good,0,24,4,16.666667,good,12,,0,good,0,NA,0,,0,0,good,NA,0,0,good,0,NA,NA,NA,NA,H_1,M,37,No,No,7,Yes,2,NA,Remdesiver,NA,NA,30.1,exact,unknown,Immunocompetent,12/31/21,Yes,Obesity,Italy,Padua,Nasopharyngeal swab,Symptomatic,Symptomatic,0,Manuto_2024,37,30-39,antivirals
OR841444,21K,21K (BA.1),Omicron,21K,BA.1.1.1,BA.1.1.1,0,good,63,41,9,1,0,0,51,17,1,2,89064,51,29883,0.997659098,FALSE,"C241T,C2708T,A2832G,C3037T,T5386G,T5731C,G8393A,C10029T,C10449A,A11537G,T13195C,C14408T,C15026T,C15240T,A16064G,A18163G,C21762T,C21846T,G22578A,G22599A,T22673C,C22674T,T22679C,C22686T,G22813T,T22882G,G22898A,G22992A,C22995A,A23013C,A23040G,G23048A,A23055G,A23063T,T23075C,C23202A,A23403G,C23525T,T23599G,C23604A,C23854A,G23948T,C24130A,A24424T,T24469A,C24503T,C25000T,C25584T,C26270T,A26530G,C26577G,G26709A,A27259C,C27807T,C27881T,G27882C,C27883T,T28098C,A28271T,C28311T,G28881A,G28882A,G28883C","6513-6515,11285-11293,21765-21770,21987-21995,22194-22196,27879-27880,28362-28370",22204:GAGCCAGAA,ORF7b:43-44,"E:T9I,M:D3G,M:Q19E,M:A63T,N:P13L,N:R203K,N:G204R,ORF1a:L815F,ORF1a:K856R,ORF1a:L2084I,ORF1a:A2710T,ORF1a:T3255I,ORF1a:P3395H,ORF1a:I3758V,ORF1b:P314L,ORF1b:A520V,ORF1b:Q866R,ORF1b:I1566V,ORF8:S69P,ORF9b:P10S,S:A67V,S:T95I,S:Y145D,S:L212I,S:G339D,S:R346K,S:S371L,S:S373P,S:S375F,S:K417N,S:N440K,S:G446S,S:S477N,S:T478K,S:E484A,S:Q493R,S:G496S,S:Q498R,S:N501Y,S:Y505H,S:T547K,S:D614G,S:H655Y,S:N679K,S:P681H,S:N764K,S:D796Y,S:N856K,S:Q954H,S:N969K,S:L981F","N:E31-,N:R32-,N:S33-,ORF1a:S2083-,ORF1a:L3674-,ORF1a:S3675-,ORF1a:G3676-,ORF7b:H42-,ORF9b:E27-,ORF9b:N28-,ORF9b:A29-,S:H69-,S:V70-,S:G142-,S:V143-,S:Y144-,S:N211-",S:214:EPE,,,"C2708T,T5731C,C15026T,C27881T,G27882C,C27883T,T28098C",0,0,7,7,,NODE_0000682,"C2708T,T5731C,C15026T,A16064G,G22599A,C27881T,G27882C,C27883T,T28098C",27879-27880,"ORF1a:L815F,ORF1b:A520V,ORF1b:Q866R,ORF8:S69P,S:R346K",ORF7b:H42-,NODE_0000691,"C2708T,T5731C,C15026T,C27881T,G27882C,C27883T,T28098C",27879-27880,"ORF1a:L815F,ORF1b:A520V,ORF8:S69P",ORF7b:H42-,N/A,N/A,N/A,N/A,N/A,N/A,N/A,N/A,N/A,N/A,ORF7b:43-44,NA,3000,0,good,0,10,0,good,0,24,0,0,good,8,,0,good,0,NA,0,ORF7b:43-44,1,0,good,NA,0,0,good,0,NA,NA,NA,NA,I_6,F,69,No,No,0,Yes,2,SOT,NA,NA,NA,12.4,exact,152/24,Immunocompromised,2/14/22,Yes,Hematologic malignancy,Italy,Padua,Nasopharyngeal swab,Symptomatic,Symptomatic,4,Manuto_2024,69,60-69,monoclonal_ab
OR841445,21K,21K (BA.1),Omicron,21K,BA.1.1,BA.1.1,0,good,57,39,9,0,0,0,47,16,1,0,89101,51,29883,0.997659098,FALSE,"C241T,C2470T,A2832G,C3037T,T5386G,G8393A,C10029T,C10449A,A11537G,T13195C,C14408T,C15240T,A18163G,C21762T,C21846T,G22578A,G22599A,T22673C,C22674T,T22679C,C22686T,G22813T,T22882G,G22898A,G22992A,C22995A,A23013C,A23040G,G23048A,A23055G,A23063T,T23075C,C23202A,A23403G,C23525T,T23599G,C23604A,C23854A,G23948T,C24130A,A24424T,T24469A,C24503T,C25000T,C25584T,C26270T,C26522T,A26530G,C26577G,G26709A,A27259C,C27807T,A28271T,C28311T,G28881A,G28882A,G28883C","6513-6515,11285-11293,21765-21770,21987-21995,22194-22196,28362-28370",22204:GAGCCAGAA,,"E:T9I,M:D3G,M:Q19E,M:A63T,N:P13L,N:R203K,N:G204R,ORF1a:K856R,ORF1a:L2084I,ORF1a:A2710T,ORF1a:T3255I,ORF1a:P3395H,ORF1a:I3758V,ORF1b:P314L,ORF1b:I1566V,ORF9b:P10S,S:A67V,S:T95I,S:Y145D,S:L212I,S:G339D,S:R346K,S:S371L,S:S373P,S:S375F,S:K417N,S:N440K,S:G446S,S:S477N,S:T478K,S:E484A,S:Q493R,S:G496S,S:Q498R,S:N501Y,S:Y505H,S:T547K,S:D614G,S:H655Y,S:N679K,S:P681H,S:N764K,S:D796Y,S:N856K,S:Q954H,S:N969K,S:L981F","N:E31-,N:R32-,N:S33-,ORF1a:S2083-,ORF1a:L3674-,ORF1a:S3675-,ORF1a:G3676-,ORF9b:E27-,ORF9b:N28-,ORF9b:A29-,S:H69-,S:V70-,S:G142-,S:V143-,S:Y144-,S:N211-",S:214:EPE,,,C26522T,0,0,1,1,,NODE_0000682,"C2470T,G22599A,C26522T",,S:R346K,,NODE_0000690,"C2470T,C26522T",,,,N/A,N/A,N/A,N/A,N/A,N/A,N/A,N/A,N/A,N/A,,NA,3000,0,good,0,10,0,good,0,24,-7,0,good,1,,0,good,0,NA,0,,0,0,good,NA,0,0,good,0,NA,NA,NA,NA,H_2,M,76,No,No,0,Yes,2,NA,Remdesiver,NA,NA,23.6,exact,unknown,Immunocompetent,2/15/22,Yes,Cardiovascular disease,Italy,Padua,Nasopharyngeal swab,Symptomatic,Symptomatic,3,Manuto_2024,76,70-79,antivirals
OR841446,21K,21K (BA.1),Omicron,21K,BA.1.1,BA.1.1,0,good,59,39,9,0,0,0,48,16,1,0,89093,51,29883,0.997659098,FALSE,"C241T,C2470T,A2832G,C3037T,T5386G,G8393A,C10029T,C10449A,A11537G,T13195C,C14408T,C15240T,T17556G,A18163G,G18803A,C21762T,C21846T,G22578A,G22599A,T22673C,C22674T,T22679C,C22686T,G22813T,C22879T,T22882G,G22898A,G22992A,C22995A,A23013C,A23040G,G23048A,A23055G,A23063T,T23075C,C23202A,A23403G,C23525T,T23599G,C23604A,C23854A,G23948T,C24130A,A24424T,T24469A,C24503T,C25000T,C25584T,C26270T,A26530G,C26577G,G26709A,A27259C,C27807T,A28271T,C28311T,G28881A,G28882A,G28883C","6513-6515,11285-11293,21765-21770,21987-21995,22194-22196,28362-28370",22204:GAGCCAGAA,,"E:T9I,M:D3G,M:Q19E,M:A63T,N:P13L,N:R203K,N:G204R,ORF1a:K856R,ORF1a:L2084I,ORF1a:A2710T,ORF1a:T3255I,ORF1a:P3395H,ORF1a:I3758V,ORF1b:P314L,ORF1b:I1566V,ORF1b:S1779N,ORF9b:P10S,S:A67V,S:T95I,S:Y145D,S:L212I,S:G339D,S:R346K,S:S371L,S:S373P,S:S375F,S:K417N,S:N440K,S:G446S,S:S477N,S:T478K,S:E484A,S:Q493R,S:G496S,S:Q498R,S:N501Y,S:Y505H,S:T547K,S:D614G,S:H655Y,S:N679K,S:P681H,S:N764K,S:D796Y,S:N856K,S:Q954H,S:N969K,S:L981F","N:E31-,N:R32-,N:S33-,ORF1a:S2083-,ORF1a:L3674-,ORF1a:S3675-,ORF1a:G3676-,ORF9b:E27-,ORF9b:N28-,ORF9b:A29-,S:H69-,S:V70-,S:G142-,S:V143-,S:Y144-,S:N211-",S:214:EPE,,,"T17556G,G18803A,C22879T",0,0,3,3,,NODE_0000682,"C2470T,T17556G,G18803A,G22599A,C22879T",,"ORF1b:S1779N,S:R346K",,NODE_0000690,"C2470T,T17556G,G18803A,C22879T",,ORF1b:S1779N,,N/A,N/A,N/A,N/A,N/A,N/A,N/A,N/A,N/A,N/A,,NA,3000,0,good,0,10,0,good,0,24,-5,0,good,3,,0,good,0,NA,0,,0,0,good,NA,0,0,good,0,NA,NA,NA,NA,H_3,M,70,No,No,0,Yes,2,NA,Remdesiver,NA,NA,20.2,exact,unknown,Immunocompetent,2/15/22,Yes,Chronic liver disease,Italy,Padua,Nasopharyngeal swab,Symptomatic,Symptomatic,4,Manuto_2024,70,70-79,antivirals
OR841447,21K,21K (BA.1),Omicron,21K,BA.1,BA.1,1.5625,good,62,39,9,0,0,0,50,16,1,0,89081,51,29883,0.997659098,FALSE,"C241T,A2832G,C3037T,T5386G,C6500T,C7945T,G8393A,C8438T,C10029T,C10449A,A11537G,T13195C,C13378T,C14408T,C15240T,A18163G,C18555T,C21762T,C21846T,G22578A,T22673C,C22674T,T22679C,C22686T,G22813T,T22882G,G22898A,G22992A,C22995A,A23013C,A23040G,G23048A,A23055G,A23063T,T23075C,C23202A,A23403G,C23525T,T23599G,C23604A,C23854A,G23948T,C24130A,A24424T,T24469A,C24503T,C25000T,C25584T,C26029A,C26270T,A26530G,C26577G,G26709A,A27259C,C27807T,A28271T,C28311T,C28531T,G28580T,G28881A,G28882A,G28883C","6513-6515,11285-11293,21765-21770,21987-21995,22194-22196,28362-28370",22204:GAGCCAGAA,,"E:T9I,M:D3G,M:Q19E,M:A63T,N:P13L,N:D103Y,N:R203K,N:G204R,ORF1a:K856R,ORF1a:P2079S,ORF1a:L2084I,ORF1a:A2710T,ORF1a:T3255I,ORF1a:P3395H,ORF1a:I3758V,ORF1b:P314L,ORF1b:I1566V,ORF3a:Q213K,ORF9b:P10S,ORF9b:T83I,S:A67V,S:T95I,S:Y145D,S:L212I,S:G339D,S:S371L,S:S373P,S:S375F,S:K417N,S:N440K,S:G446S,S:S477N,S:T478K,S:E484A,S:Q493R,S:G496S,S:Q498R,S:N501Y,S:Y505H,S:T547K,S:D614G,S:H655Y,S:N679K,S:P681H,S:N764K,S:D796Y,S:N856K,S:Q954H,S:N969K,S:L981F","N:E31-,N:R32-,N:S33-,ORF1a:S2083-,ORF1a:L3674-,ORF1a:S3675-,ORF1a:G3676-,ORF9b:E27-,ORF9b:N28-,ORF9b:A29-,S:H69-,S:V70-,S:G142-,S:V143-,S:Y144-,S:N211-",S:214:EPE,,C18555T|20F,"C6500T,C7945T,C8438T,C13378T,C26029A,C28531T,G28580T",0,1,7,8,,NODE_0000682,"C6500T,C7945T,C8438T,C13378T,C18555T,C26029A,C28531T,G28580T",,"N:D103Y,ORF1a:P2079S,ORF3a:Q213K,ORF9b:T83I",,NODE_0000682,"C6500T,C7945T,C8438T,C13378T,C18555T,C26029A,C28531T,G28580T",,"N:D103Y,ORF1a:P2079S,ORF3a:Q213K,ORF9b:T83I",,N/A,N/A,N/A,N/A,N/A,N/A,N/A,N/A,N/A,N/A,,NA,3000,0,good,0,10,0,good,0,24,3,12.5,good,11,,0,good,0,NA,0,,0,0,good,NA,0,0,good,0,NA,NA,NA,NA,H_4,F,82,No,No,0,Yes,2,NA,Remdesiver,NA,NA,19.1,exact,unknown,Immunocompetent,2/16/22,Yes,Cardiovascular disease,Italy,Padua,Nasopharyngeal swab,Symptomatic,Symptomatic,4,Manuto_2024,82,80+,antivirals
OR841448,21K,21K (BA.1),Omicron,21K,BA.1,BA.1,1.5625,good,62,39,9,0,0,0,50,16,1,0,89081,51,29883,0.997659098,FALSE,"C241T,A2832G,C3037T,T5386G,C6500T,C7945T,G8393A,C8438T,C10029T,C10449A,A11537G,T13195C,C13378T,C14408T,C15240T,A18163G,C18555T,C21762T,C21846T,G22578A,T22673C,C22674T,T22679C,C22686T,G22813T,T22882G,G22898A,G22992A,C22995A,A23013C,A23040G,G23048A,A23055G,A23063T,T23075C,C23202A,A23403G,C23525T,T23599G,C23604A,C23854A,G23948T,C24130A,A24424T,T24469A,C24503T,C25000T,C25584T,C26029A,C26270T,A26530G,C26577G,G26709A,A27259C,C27807T,A28271T,C28311T,C28531T,G28580T,G28881A,G28882A,G28883C","6513-6515,11285-11293,21765-21770,21987-21995,22194-22196,28362-28370",22204:GAGCCAGAA,,"E:T9I,M:D3G,M:Q19E,M:A63T,N:P13L,N:D103Y,N:R203K,N:G204R,ORF1a:K856R,ORF1a:P2079S,ORF1a:L2084I,ORF1a:A2710T,ORF1a:T3255I,ORF1a:P3395H,ORF1a:I3758V,ORF1b:P314L,ORF1b:I1566V,ORF3a:Q213K,ORF9b:P10S,ORF9b:T83I,S:A67V,S:T95I,S:Y145D,S:L212I,S:G339D,S:S371L,S:S373P,S:S375F,S:K417N,S:N440K,S:G446S,S:S477N,S:T478K,S:E484A,S:Q493R,S:G496S,S:Q498R,S:N501Y,S:Y505H,S:T547K,S:D614G,S:H655Y,S:N679K,S:P681H,S:N764K,S:D796Y,S:N856K,S:Q954H,S:N969K,S:L981F","N:E31-,N:R32-,N:S33-,ORF1a:S2083-,ORF1a:L3674-,ORF1a:S3675-,ORF1a:G3676-,ORF9b:E27-,ORF9b:N28-,ORF9b:A29-,S:H69-,S:V70-,S:G142-,S:V143-,S:Y144-,S:N211-",S:214:EPE,,C18555T|20F,"C6500T,C7945T,C8438T,C13378T,C26029A,C28531T,G28580T",0,1,7,8,,NODE_0000682,"C6500T,C7945T,C8438T,C13378T,C18555T,C26029A,C28531T,G28580T",,"N:D103Y,ORF1a:P2079S,ORF3a:Q213K,ORF9b:T83I",,NODE_0000682,"C6500T,C7945T,C8438T,C13378T,C18555T,C26029A,C28531T,G28580T",,"N:D103Y,ORF1a:P2079S,ORF3a:Q213K,ORF9b:T83I",,N/A,N/A,N/A,N/A,N/A,N/A,N/A,N/A,N/A,N/A,,NA,3000,0,good,0,10,0,good,0,24,3,12.5,good,11,,0,good,0,NA,0,,0,0,good,NA,0,0,good,0,NA,NA,NA,NA,H_4,F,82,No,No,3,Yes,2,NA,Remdesiver,NA,NA,22.7,exact,unknown,Immunocompetent,2/18/22,Yes,Cardiovascular disease,Italy,Padua,Nasopharyngeal swab,Symptomatic,Symptomatic,4,Manuto_2024,82,80+,antivirals
OR841449,21K,21K (BA.1),Omicron,21K,BA.1.1.1,BA.1.1.1,0,good,63,41,9,1,0,0,51,17,1,2,89064,51,29883,0.997659098,FALSE,"C241T,C2708T,A2832G,C3037T,T5386G,T5731C,G8393A,C10029T,C10449A,A11537G,T13195C,C14408T,C15026T,C15240T,A16064G,A18163G,C21762T,C21846T,G22578A,G22599A,T22673C,C22674T,T22679C,C22686T,G22813T,T22882G,G22898A,G22992A,C22995A,A23013C,A23040G,G23048A,A23055G,A23063T,T23075C,C23202A,A23403G,C23525T,T23599G,C23604A,C23854A,G23948T,C24130A,A24424T,T24469A,C24503T,C25000T,C25584T,C26270T,A26530G,C26577G,G26709A,A27259C,C27807T,C27881T,G27882C,C27883T,T28098C,A28271T,C28311T,G28881A,G28882A,G28883C","6513-6515,11285-11293,21765-21770,21987-21995,22194-22196,27879-27880,28362-28370",22204:GAGCCAGAA,ORF7b:43-44,"E:T9I,M:D3G,M:Q19E,M:A63T,N:P13L,N:R203K,N:G204R,ORF1a:L815F,ORF1a:K856R,ORF1a:L2084I,ORF1a:A2710T,ORF1a:T3255I,ORF1a:P3395H,ORF1a:I3758V,ORF1b:P314L,ORF1b:A520V,ORF1b:Q866R,ORF1b:I1566V,ORF8:S69P,ORF9b:P10S,S:A67V,S:T95I,S:Y145D,S:L212I,S:G339D,S:R346K,S:S371L,S:S373P,S:S375F,S:K417N,S:N440K,S:G446S,S:S477N,S:T478K,S:E484A,S:Q493R,S:G496S,S:Q498R,S:N501Y,S:Y505H,S:T547K,S:D614G,S:H655Y,S:N679K,S:P681H,S:N764K,S:D796Y,S:N856K,S:Q954H,S:N969K,S:L981F","N:E31-,N:R32-,N:S33-,ORF1a:S2083-,ORF1a:L3674-,ORF1a:S3675-,ORF1a:G3676-,ORF7b:H42-,ORF9b:E27-,ORF9b:N28-,ORF9b:A29-,S:H69-,S:V70-,S:G142-,S:V143-,S:Y144-,S:N211-",S:214:EPE,,,"C2708T,T5731C,C15026T,C27881T,G27882C,C27883T,T28098C",0,0,7,7,,NODE_0000682,"C2708T,T5731C,C15026T,A16064G,G22599A,C27881T,G27882C,C27883T,T28098C",27879-27880,"ORF1a:L815F,ORF1b:A520V,ORF1b:Q866R,ORF8:S69P,S:R346K",ORF7b:H42-,NODE_0000691,"C2708T,T5731C,C15026T,C27881T,G27882C,C27883T,T28098C",27879-27880,"ORF1a:L815F,ORF1b:A520V,ORF8:S69P",ORF7b:H42-,N/A,N/A,N/A,N/A,N/A,N/A,N/A,N/A,N/A,N/A,ORF7b:43-44,NA,3000,0,good,0,10,0,good,0,24,0,0,good,8,,0,good,0,NA,0,ORF7b:43-44,1,0,good,NA,0,0,good,0,NA,NA,NA,NA,I_6,F,69,No,No,3,Yes,2,SOT,NA,NA,NA,23.8,exact,152/24,Immunocompromised,2/18/22,Yes,Hematologic malignancy,Italy,Padua,Nasopharyngeal swab,Symptomatic,Symptomatic,4,Manuto_2024,69,60-69,monoclonal_ab
OR841450,21K,21K (BA.1),Omicron,21K,BA.1.1,BA.1.1,0,good,59,39,9,0,0,0,49,16,1,0,89093,51,29883,0.997659098,FALSE,"C241T,A2832G,C3037T,T5386G,G5761A,C5986T,G8393A,C10029T,C10449A,A11537G,T13195C,A13756G,C14408T,C15240T,A18163G,G19999T,C21762T,C21846T,G22578A,G22599A,T22673C,C22674T,T22679C,C22686T,G22813T,T22882G,G22898A,G22992A,C22995A,A23013C,A23040G,G23048A,A23055G,A23063T,T23075C,C23202A,A23403G,C23525T,T23599G,C23604A,C23854A,G23948T,C24130A,A24424T,T24469A,C24503T,C25000T,C25584T,C26270T,A26530G,C26577G,G26709A,A27259C,C27807T,A28271T,C28311T,G28881A,G28882A,G28883C","6513-6515,11285-11293,21765-21770,21987-21995,22194-22196,28362-28370",22204:GAGCCAGAA,,"E:T9I,M:D3G,M:Q19E,M:A63T,N:P13L,N:R203K,N:G204R,ORF1a:K856R,ORF1a:L2084I,ORF1a:A2710T,ORF1a:T3255I,ORF1a:P3395H,ORF1a:I3758V,ORF1b:I97V,ORF1b:P314L,ORF1b:I1566V,ORF1b:V2178F,ORF9b:P10S,S:A67V,S:T95I,S:Y145D,S:L212I,S:G339D,S:R346K,S:S371L,S:S373P,S:S375F,S:K417N,S:N440K,S:G446S,S:S477N,S:T478K,S:E484A,S:Q493R,S:G496S,S:Q498R,S:N501Y,S:Y505H,S:T547K,S:D614G,S:H655Y,S:N679K,S:P681H,S:N764K,S:D796Y,S:N856K,S:Q954H,S:N969K,S:L981F","N:E31-,N:R32-,N:S33-,ORF1a:S2083-,ORF1a:L3674-,ORF1a:S3675-,ORF1a:G3676-,ORF9b:E27-,ORF9b:N28-,ORF9b:A29-,S:H69-,S:V70-,S:G142-,S:V143-,S:Y144-,S:N211-",S:214:EPE,,C5986T|20I,"G5761A,A13756G,G19999T",0,1,3,4,,NODE_0000682,"G5761A,C5986T,A13756G,G19999T,G22599A",,"ORF1b:I97V,ORF1b:V2178F,S:R346K",,NODE_0000690,"G5761A,C5986T,A13756G,G19999T",,"ORF1b:I97V,ORF1b:V2178F",,N/A,N/A,N/A,N/A,N/A,N/A,N/A,N/A,N/A,N/A,,NA,3000,0,good,0,10,0,good,0,24,-1,0,good,7,,0,good,0,NA,0,,0,0,good,NA,0,0,good,0,NA,NA,NA,NA,H_13,F,48,No,No,7,Yes,2,NA,Remdesiver,NA,NA,22.5,exact,unknown,Immunocompetent,2/18/22,Yes,Chronic liver disease,Italy,Padua,Nasopharyngeal swab,Symptomatic,Symptomatic,1,Manuto_2024,48,40-49,antivirals
OR841451,21K,21K (BA.1),Omicron,21K,BA.1.1.1,BA.1.1.1,0,good,63,41,9,1,0,0,51,17,1,2,89064,51,29883,0.997659098,FALSE,"C241T,C2708T,A2832G,C3037T,T5386G,T5731C,G8393A,C10029T,C10449A,A11537G,T13195C,C14408T,C15026T,C15240T,A16064G,A18163G,C21762T,C21846T,G22578A,G22599A,T22673C,C22674T,T22679C,C22686T,G22813T,T22882G,G22898A,G22992A,C22995A,A23013C,A23040G,G23048A,A23055G,A23063T,T23075C,C23202A,A23403G,C23525T,T23599G,C23604A,C23854A,G23948T,C24130A,A24424T,T24469A,C24503T,C25000T,C25584T,C26270T,A26530G,C26577G,G26709A,A27259C,C27807T,C27881T,G27882C,C27883T,T28098C,A28271T,C28311T,G28881A,G28882A,G28883C","6513-6515,11285-11293,21765-21770,21987-21995,22194-22196,27879-27880,28362-28370",22204:GAGCCAGAA,ORF7b:43-44,"E:T9I,M:D3G,M:Q19E,M:A63T,N:P13L,N:R203K,N:G204R,ORF1a:L815F,ORF1a:K856R,ORF1a:L2084I,ORF1a:A2710T,ORF1a:T3255I,ORF1a:P3395H,ORF1a:I3758V,ORF1b:P314L,ORF1b:A520V,ORF1b:Q866R,ORF1b:I1566V,ORF8:S69P,ORF9b:P10S,S:A67V,S:T95I,S:Y145D,S:L212I,S:G339D,S:R346K,S:S371L,S:S373P,S:S375F,S:K417N,S:N440K,S:G446S,S:S477N,S:T478K,S:E484A,S:Q493R,S:G496S,S:Q498R,S:N501Y,S:Y505H,S:T547K,S:D614G,S:H655Y,S:N679K,S:P681H,S:N764K,S:D796Y,S:N856K,S:Q954H,S:N969K,S:L981F","N:E31-,N:R32-,N:S33-,ORF1a:S2083-,ORF1a:L3674-,ORF1a:S3675-,ORF1a:G3676-,ORF7b:H42-,ORF9b:E27-,ORF9b:N28-,ORF9b:A29-,S:H69-,S:V70-,S:G142-,S:V143-,S:Y144-,S:N211-",S:214:EPE,,,"C2708T,T5731C,C15026T,C27881T,G27882C,C27883T,T28098C",0,0,7,7,,NODE_0000682,"C2708T,T5731C,C15026T,A16064G,G22599A,C27881T,G27882C,C27883T,T28098C",27879-27880,"ORF1a:L815F,ORF1b:A520V,ORF1b:Q866R,ORF8:S69P,S:R346K",ORF7b:H42-,NODE_0000691,"C2708T,T5731C,C15026T,C27881T,G27882C,C27883T,T28098C",27879-27880,"ORF1a:L815F,ORF1b:A520V,ORF8:S69P",ORF7b:H42-,N/A,N/A,N/A,N/A,N/A,N/A,N/A,N/A,N/A,N/A,ORF7b:43-44,NA,3000,0,good,0,10,0,good,0,24,0,0,good,8,,0,good,0,NA,0,ORF7b:43-44,1,0,good,NA,0,0,good,0,NA,NA,NA,NA,I_6,F,69,No,No,7,Yes,2,SOT,NA,NA,NA,16.8,exact,152/24,Immunocompromised,2/21/22,Yes,Hematologic malignancy,Italy,Padua,Nasopharyngeal swab,Symptomatic,Symptomatic,4,Manuto_2024,69,60-69,monoclonal_ab
OR841452,21L,21L (BA.2),Omicron,21L,BA.2,BA.2,0,good,71,53,0,0,0,0,51,12,0,0,89028,51,29883,0.997659098,FALSE,"C241T,T670G,T1468C,C2790T,C3037T,G4184A,C4321T,G8718A,C9344T,A9424G,C9534T,C9866T,C10029T,C10198T,G10447A,C10449A,C12880T,C14220T,C14408T,C15714T,C17410T,A18163G,C19955T,A20055G,C21618T,G21987A,T22200G,G22578A,C22674T,T22679C,C22686T,A22688G,G22775A,A22786C,C22792T,G22813T,T22882G,G22992A,C22995A,A23013C,A23040G,A23055G,A23063T,T23075C,A23403G,C23525T,T23599G,C23604A,C23854A,G23948T,A24424T,T24469A,C25000T,C25584T,C26060T,C26270T,C26577G,G26709A,C26858T,A26924G,A27259C,G27382C,A27383T,T27384C,C27807T,A28271T,C28311T,G28881A,G28882A,G28883C,A29510C","11288-11296,21633-21641,28362-28370,29734-29759",,,"E:T9I,M:Q19E,M:A63T,N:P13L,N:R203K,N:G204R,N:S413R,ORF1a:S135R,ORF1a:T842I,ORF1a:G1307S,ORF1a:R2818H,ORF1a:L3027F,ORF1a:T3090I,ORF1a:L3201F,ORF1a:T3255I,ORF1a:P3395H,ORF1b:P314L,ORF1b:R1315C,ORF1b:I1566V,ORF1b:T2163I,ORF3a:T223I,ORF6:D61L,ORF9b:P10S,S:T19I,S:A27S,S:G142D,S:V213G,S:G339D,S:S371F,S:S373P,S:S375F,S:T376A,S:D405N,S:R408S,S:K417N,S:N440K,S:S477N,S:T478K,S:E484A,S:Q493R,S:Q498R,S:N501Y,S:Y505H,S:D614G,S:H655Y,S:N679K,S:P681H,S:N764K,S:D796Y,S:Q954H,S:N969K","N:E31-,N:R32-,N:S33-,ORF1a:S3675-,ORF1a:G3676-,ORF1a:F3677-,ORF9b:E27-,ORF9b:N28-,ORF9b:A29-,S:L24-,S:P25-,S:P26-",,,,"T1468C,G8718A,C14220T,A26924G",0,0,4,4,,NODE_0000695,"T1468C,G8718A,C9866T,C14220T,C22792T,A26924G",,"ORF1a:R2818H,ORF1a:L3201F",,NODE_0000695,"T1468C,G8718A,C9866T,C14220T,C22792T,A26924G",,"ORF1a:R2818H,ORF1a:L3201F",,N/A,N/A,N/A,N/A,N/A,N/A,N/A,N/A,N/A,N/A,,NA,3000,0,good,0,10,0,good,0,24,-4,0,good,4,,0,good,0,NA,0,,0,0,good,NA,0,0,good,0,NA,NA,NA,NA,H_6,M,83,No,No,0,Yes,2,NA,Remdesiver,NA,NA,27.5,exact,unknown,Immunocompetent,3/15/22,Yes,Cardiovascular disease,Italy,Padua,Nasopharyngeal swab,Symptomatic,Symptomatic,4,Manuto_2024,83,80+,antivirals
OR841453,21L,21L (BA.2),Omicron,21L,BA.2,BA.2,0,good,68,53,0,0,0,0,51,12,0,0,89040,51,29883,0.997659098,FALSE,"C241T,T670G,C2790T,C3037T,G4184A,C4321T,G5657T,C9344T,A9424G,C9534T,C9866T,C10029T,C10198T,G10447A,C10449A,C12880T,C14408T,C15714T,C17410T,A18163G,C19955T,A20055G,C21618T,G21987A,T22200G,G22578A,C22674T,T22679C,C22686T,A22688G,G22775A,A22786C,C22792T,G22813T,T22882G,G22992A,C22995A,A23013C,A23040G,A23055G,A23063T,T23075C,A23403G,C23525T,T23599G,C23604A,C23854A,G23948T,A24424T,T24469A,C25000T,C25584T,C26060T,C26270T,C26577G,G26709A,C26858T,A27259C,G27382C,A27383T,T27384C,C27807T,A28271T,C28311T,G28881A,G28882A,G28883C,A29510C","11288-11296,21633-21641,28362-28370,29734-29759",,,"E:T9I,M:Q19E,M:A63T,N:P13L,N:R203K,N:G204R,N:S413R,ORF1a:S135R,ORF1a:T842I,ORF1a:G1307S,ORF1a:V1798L,ORF1a:L3027F,ORF1a:T3090I,ORF1a:L3201F,ORF1a:T3255I,ORF1a:P3395H,ORF1b:P314L,ORF1b:R1315C,ORF1b:I1566V,ORF1b:T2163I,ORF3a:T223I,ORF6:D61L,ORF9b:P10S,S:T19I,S:A27S,S:G142D,S:V213G,S:G339D,S:S371F,S:S373P,S:S375F,S:T376A,S:D405N,S:R408S,S:K417N,S:N440K,S:S477N,S:T478K,S:E484A,S:Q493R,S:Q498R,S:N501Y,S:Y505H,S:D614G,S:H655Y,S:N679K,S:P681H,S:N764K,S:D796Y,S:Q954H,S:N969K","N:E31-,N:R32-,N:S33-,ORF1a:S3675-,ORF1a:G3676-,ORF1a:F3677-,ORF9b:E27-,ORF9b:N28-,ORF9b:A29-,S:L24-,S:P25-,S:P26-",,,,G5657T,0,0,1,1,,NODE_0000695,"G5657T,C9866T,C22792T",,"ORF1a:V1798L,ORF1a:L3201F",,NODE_0000695,"G5657T,C9866T,C22792T",,"ORF1a:V1798L,ORF1a:L3201F",,N/A,N/A,N/A,N/A,N/A,N/A,N/A,N/A,N/A,N/A,,NA,3000,0,good,0,10,0,good,0,24,-7,0,good,1,,0,good,0,NA,0,,0,0,good,NA,0,0,good,0,NA,NA,NA,NA,H_5,M,74,No,No,0,Yes,2,NA,Remdesiver,NA,NA,23.6,exact,unknown,Immunocompetent,3/15/22,Yes,Chronic lung disease,Italy,Padua,Nasopharyngeal swab,Symptomatic,Symptomatic,4,Manuto_2024,74,70-79,antivirals
OR841454,21K,21K (BA.1),Omicron,21K,BA.1,BA.1,4.340278,good,61,39,9,0,0,0,50,16,1,0,89085,51,29883,0.997659098,FALSE,"C241T,A2832G,C3037T,T5386G,C6285T,G8393A,C10029T,C10449A,C11471T,A11537G,T13195C,C14408T,C15240T,A18163G,A18585C,A20418G,C21762T,C21846T,G22021T,G22578A,T22673C,C22674T,T22679C,C22686T,G22813T,T22882G,G22898A,G22992A,C22995A,A23013C,A23040G,G23048A,A23055G,A23063T,T23075C,C23202A,A23403G,C23525T,T23599G,C23604A,C23854A,G23948T,C24130A,A24424T,T24469A,C24503T,C25000T,C25584T,C25658T,C26270T,A26530G,C26577G,G26709A,A27259C,C27807T,A28271T,C28311T,C28606T,G28881A,G28882A,G28883C","6513-6515,11285-11293,21765-21770,21987-21995,22194-22196,28362-28370",22204:GAGCCAGAA,,"E:T9I,M:D3G,M:Q19E,M:A63T,N:P13L,N:R203K,N:G204R,ORF1a:K856R,ORF1a:T2007I,ORF1a:L2084I,ORF1a:A2710T,ORF1a:T3255I,ORF1a:P3395H,ORF1a:L3736F,ORF1a:I3758V,ORF1b:P314L,ORF1b:I1566V,ORF3a:T89I,ORF9b:P10S,S:A67V,S:T95I,S:Y145D,S:M153I,S:L212I,S:G339D,S:S371L,S:S373P,S:S375F,S:K417N,S:N440K,S:G446S,S:S477N,S:T478K,S:E484A,S:Q493R,S:G496S,S:Q498R,S:N501Y,S:Y505H,S:T547K,S:D614G,S:H655Y,S:N679K,S:P681H,S:N764K,S:D796Y,S:N856K,S:Q954H,S:N969K,S:L981F","N:E31-,N:R32-,N:S33-,ORF1a:S2083-,ORF1a:L3674-,ORF1a:S3675-,ORF1a:G3676-,ORF9b:E27-,ORF9b:N28-,ORF9b:A29-,S:H69-,S:V70-,S:G142-,S:V143-,S:Y144-,S:N211-",S:214:EPE,,"C6285T|21D,C25658T|23G&24I","C11471T,A18585C,A20418G,G22021T,C28606T",0,2,5,7,,NODE_0000682,"C6285T,C11471T,A18585C,A20418G,G22021T,C25658T,C28606T",,"ORF1a:T2007I,ORF1a:L3736F,ORF3a:T89I,S:M153I",,NODE_0000682,"C6285T,C11471T,A18585C,A20418G,G22021T,C25658T,C28606T",,"ORF1a:T2007I,ORF1a:L3736F,ORF3a:T89I,S:M153I",,N/A,N/A,N/A,N/A,N/A,N/A,N/A,N/A,N/A,N/A,,NA,3000,0,good,0,10,0,good,0,24,5,20.833333,good,13,,0,good,0,NA,0,,0,0,good,NA,0,0,good,0,NA,NA,NA,NA,H_7,F,59,No,No,0,Yes,2,NA,Remdesiver,NA,NA,20.6,exact,unknown,Immunocompetent,3/16/22,Yes,Chronic liver disease,Italy,Padua,Nasopharyngeal swab,Symptomatic,Symptomatic,2,Manuto_2024,59,50-59,antivirals
OR841455,21K,21K (BA.1),Omicron,21K,BA.1,BA.1,4.340278,good,61,39,9,0,0,0,50,16,1,0,89085,51,29883,0.997659098,FALSE,"C241T,A2832G,C3037T,T5386G,C6285T,G8393A,C10029T,C10449A,C11471T,A11537G,T13195C,C14408T,C15240T,A18163G,A18585C,A20418G,C21762T,C21846T,G22021T,G22578A,T22673C,C22674T,T22679C,C22686T,G22813T,T22882G,G22898A,G22992A,C22995A,A23013C,A23040G,G23048A,A23055G,A23063T,T23075C,C23202A,A23403G,C23525T,T23599G,C23604A,C23854A,G23948T,C24130A,A24424T,T24469A,C24503T,C25000T,C25584T,C25658T,C26270T,A26530G,C26577G,G26709A,A27259C,C27807T,A28271T,C28311T,C28606T,G28881A,G28882A,G28883C","6513-6515,11285-11293,21765-21770,21987-21995,22194-22196,28362-28370",22204:GAGCCAGAA,,"E:T9I,M:D3G,M:Q19E,M:A63T,N:P13L,N:R203K,N:G204R,ORF1a:K856R,ORF1a:T2007I,ORF1a:L2084I,ORF1a:A2710T,ORF1a:T3255I,ORF1a:P3395H,ORF1a:L3736F,ORF1a:I3758V,ORF1b:P314L,ORF1b:I1566V,ORF3a:T89I,ORF9b:P10S,S:A67V,S:T95I,S:Y145D,S:M153I,S:L212I,S:G339D,S:S371L,S:S373P,S:S375F,S:K417N,S:N440K,S:G446S,S:S477N,S:T478K,S:E484A,S:Q493R,S:G496S,S:Q498R,S:N501Y,S:Y505H,S:T547K,S:D614G,S:H655Y,S:N679K,S:P681H,S:N764K,S:D796Y,S:N856K,S:Q954H,S:N969K,S:L981F","N:E31-,N:R32-,N:S33-,ORF1a:S2083-,ORF1a:L3674-,ORF1a:S3675-,ORF1a:G3676-,ORF9b:E27-,ORF9b:N28-,ORF9b:A29-,S:H69-,S:V70-,S:G142-,S:V143-,S:Y144-,S:N211-",S:214:EPE,,"C6285T|21D,C25658T|23G&24I","C11471T,A18585C,A20418G,G22021T,C28606T",0,2,5,7,,NODE_0000682,"C6285T,C11471T,A18585C,A20418G,G22021T,C25658T,C28606T",,"ORF1a:T2007I,ORF1a:L3736F,ORF3a:T89I,S:M153I",,NODE_0000682,"C6285T,C11471T,A18585C,A20418G,G22021T,C25658T,C28606T",,"ORF1a:T2007I,ORF1a:L3736F,ORF3a:T89I,S:M153I",,N/A,N/A,N/A,N/A,N/A,N/A,N/A,N/A,N/A,N/A,,NA,3000,0,good,0,10,0,good,0,24,5,20.833333,good,13,,0,good,0,NA,0,,0,0,good,NA,0,0,good,0,NA,NA,NA,NA,H_7,F,59,No,No,3,Yes,2,NA,Remdesiver,NA,NA,23.8,exact,unknown,Immunocompetent,3/18/22,Yes,Chronic liver disease,Italy,Padua,Nasopharyngeal swab,Symptomatic,Symptomatic,2,Manuto_2024,59,50-59,antivirals
OR841456,21L,21L (BA.2),Omicron,21L,BA.2.9,BA.2.9,0,good,71,53,0,0,0,0,52,12,0,0,89028,51,29883,0.997659098,FALSE,"C241T,T670G,C2790T,C3037T,G4184A,C4321T,C9344T,A9424G,C9534T,C9866T,C10029T,C10198T,G10447A,C10449A,C12880T,C14408T,C14931T,C15714T,C17410T,A18163G,C19955T,A20055G,C21618T,G21987A,T22200G,G22578A,C22674T,T22679C,C22686T,A22688G,G22775A,A22786C,C22792T,G22813T,T22882G,G22992A,C22995A,A23013C,A23040G,A23055G,A23063T,T23075C,A23403G,C23525T,T23599G,C23604A,C23854A,G23948T,A24424T,T24469A,C25000T,C25484T,C25584T,C25603T,C25624T,C26060T,C26270T,C26577G,G26709A,C26858T,A27259C,G27382C,A27383T,T27384C,C27807T,A28271T,C28311T,G28881A,G28882A,G28883C,A29510C","11288-11296,21633-21641,28362-28370,29734-29759",,,"E:T9I,M:Q19E,M:A63T,N:P13L,N:R203K,N:G204R,N:S413R,ORF1a:S135R,ORF1a:T842I,ORF1a:G1307S,ORF1a:L3027F,ORF1a:T3090I,ORF1a:L3201F,ORF1a:T3255I,ORF1a:P3395H,ORF1b:P314L,ORF1b:R1315C,ORF1b:I1566V,ORF1b:T2163I,ORF3a:A31V,ORF3a:H78Y,ORF3a:T223I,ORF6:D61L,ORF9b:P10S,S:T19I,S:A27S,S:G142D,S:V213G,S:G339D,S:S371F,S:S373P,S:S375F,S:T376A,S:D405N,S:R408S,S:K417N,S:N440K,S:S477N,S:T478K,S:E484A,S:Q493R,S:Q498R,S:N501Y,S:Y505H,S:D614G,S:H655Y,S:N679K,S:P681H,S:N764K,S:D796Y,S:Q954H,S:N969K","N:E31-,N:R32-,N:S33-,ORF1a:S3675-,ORF1a:G3676-,ORF1a:F3677-,ORF9b:E27-,ORF9b:N28-,ORF9b:A29-,S:L24-,S:P25-,S:P26-",,,,"C14931T,C25484T,C25603T",0,0,3,3,,NODE_0000695,"C9866T,C14931T,C22792T,C25484T,C25603T,C25624T",,"ORF1a:L3201F,ORF3a:A31V,ORF3a:H78Y",,NODE_0000710,"C14931T,C25484T,C25603T",,ORF3a:A31V,,N/A,N/A,N/A,N/A,N/A,N/A,N/A,N/A,N/A,N/A,,NA,3000,0,good,0,10,0,good,0,24,-5,0,good,3,,0,good,0,NA,0,,0,0,good,NA,0,0,good,0,NA,NA,NA,NA,H_9,M,89,No,No,0,Yes,2,NA,Remdesiver,NA,NA,16.8,exact,unknown,Immunocompetent,3/17/22,Yes,Cardiovascular disease,Italy,Padua,Nasopharyngeal swab,Symptomatic,Symptomatic,4,Manuto_2024,89,80+,antivirals
OR841457,21L,21L (BA.2),Omicron,21L,BA.2,BA.2,0,good,70,53,0,0,0,0,51,12,0,0,89032,51,29883,0.997659098,FALSE,"C241T,T670G,C2790T,C3037T,G4184A,C4321T,A7824G,C9344T,A9424G,C9534T,C9866T,C10029T,C10198T,G10447A,C10449A,C12880T,C14408T,C15714T,C17410T,A18163G,C19955T,A20055G,C21618T,C21721T,G21987A,T22200G,A22255C,G22578A,C22674T,T22679C,C22686T,A22688G,G22775A,A22786C,C22792T,G22813T,T22882G,G22992A,C22995A,A23013C,A23040G,A23055G,A23063T,T23075C,A23403G,C23525T,T23599G,C23604A,C23854A,G23948T,A24424T,T24469A,C25000T,C25584T,C26060T,C26270T,C26577G,G26709A,C26858T,A27259C,G27382C,A27383T,T27384C,C27807T,A28271T,C28311T,G28881A,G28882A,G28883C,A29510C","11288-11296,21633-21641,28362-28370,29734-29759",,,"E:T9I,M:Q19E,M:A63T,N:P13L,N:R203K,N:G204R,N:S413R,ORF1a:S135R,ORF1a:T842I,ORF1a:G1307S,ORF1a:H2520R,ORF1a:L3027F,ORF1a:T3090I,ORF1a:L3201F,ORF1a:T3255I,ORF1a:P3395H,ORF1b:P314L,ORF1b:R1315C,ORF1b:I1566V,ORF1b:T2163I,ORF3a:T223I,ORF6:D61L,ORF9b:P10S,S:T19I,S:A27S,S:G142D,S:V213G,S:G339D,S:S371F,S:S373P,S:S375F,S:T376A,S:D405N,S:R408S,S:K417N,S:N440K,S:S477N,S:T478K,S:E484A,S:Q493R,S:Q498R,S:N501Y,S:Y505H,S:D614G,S:H655Y,S:N679K,S:P681H,S:N764K,S:D796Y,S:Q954H,S:N969K","N:E31-,N:R32-,N:S33-,ORF1a:S3675-,ORF1a:G3676-,ORF1a:F3677-,ORF9b:E27-,ORF9b:N28-,ORF9b:A29-,S:L24-,S:P25-,S:P26-",,,C21721T|22C,"A7824G,A22255C",0,1,2,3,,NODE_0000695,"A7824G,C9866T,C21721T,A22255C,C22792T",,"ORF1a:H2520R,ORF1a:L3201F",,NODE_0000695,"A7824G,C9866T,C21721T,A22255C,C22792T",,"ORF1a:H2520R,ORF1a:L3201F",,N/A,N/A,N/A,N/A,N/A,N/A,N/A,N/A,N/A,N/A,,NA,3000,0,good,0,10,0,good,0,24,-2,0,good,6,,0,good,0,NA,0,,0,0,good,NA,0,0,good,0,NA,NA,NA,NA,H_10,F,66,No,No,0,Yes,2,NA,Remdesiver,NA,NA,12.6,exact,unknown,Immunocompetent,3/16/22,Yes,Diabetes mellitus type 2,Italy,Padua,Nasopharyngeal swab,Symptomatic,Symptomatic,3,Manuto_2024,66,60-69,antivirals
OR841458,21K,21K (BA.1),Omicron,21K,BA.1.1,BA.1.1,0,good,59,39,9,0,0,0,49,16,1,0,89093,51,29883,0.997659098,FALSE,"C241T,A2832G,C3037T,T5386G,G8393A,C10029T,C10449A,A11537G,C12733T,T13195C,A13756G,C14408T,C15240T,C15720T,A18163G,G19999T,C21762T,C21846T,G22578A,G22599A,T22673C,C22674T,T22679C,C22686T,G22813T,T22882G,G22898A,G22992A,C22995A,A23013C,A23040G,G23048A,A23055G,A23063T,T23075C,C23202A,A23403G,C23525T,T23599G,C23604A,C23854A,G23948T,C24130A,A24424T,T24469A,C24503T,C25000T,C25584T,C26270T,A26530G,C26577G,G26709A,A27259C,C27807T,A28271T,C28311T,G28881A,G28882A,G28883C","6513-6515,11285-11293,21765-21770,21987-21995,22194-22196,28362-28370",22204:GAGCCAGAA,,"E:T9I,M:D3G,M:Q19E,M:A63T,N:P13L,N:R203K,N:G204R,ORF1a:K856R,ORF1a:L2084I,ORF1a:A2710T,ORF1a:T3255I,ORF1a:P3395H,ORF1a:I3758V,ORF1b:I97V,ORF1b:P314L,ORF1b:I1566V,ORF1b:V2178F,ORF9b:P10S,S:A67V,S:T95I,S:Y145D,S:L212I,S:G339D,S:R346K,S:S371L,S:S373P,S:S375F,S:K417N,S:N440K,S:G446S,S:S477N,S:T478K,S:E484A,S:Q493R,S:G496S,S:Q498R,S:N501Y,S:Y505H,S:T547K,S:D614G,S:H655Y,S:N679K,S:P681H,S:N764K,S:D796Y,S:N856K,S:Q954H,S:N969K,S:L981F","N:E31-,N:R32-,N:S33-,ORF1a:S2083-,ORF1a:L3674-,ORF1a:S3675-,ORF1a:G3676-,ORF9b:E27-,ORF9b:N28-,ORF9b:A29-,S:H69-,S:V70-,S:G142-,S:V143-,S:Y144-,S:N211-",S:214:EPE,,,"C12733T,A13756G,C15720T,G19999T",0,0,4,4,,NODE_0000682,"C12733T,A13756G,C15720T,G19999T,G22599A",,"ORF1b:I97V,ORF1b:V2178F,S:R346K",,NODE_0000690,"C12733T,A13756G,C15720T,G19999T",,"ORF1b:I97V,ORF1b:V2178F",,N/A,N/A,N/A,N/A,N/A,N/A,N/A,N/A,N/A,N/A,,NA,3000,0,good,0,10,0,good,0,24,-4,0,good,4,,0,good,0,NA,0,,0,0,good,NA,0,0,good,0,NA,NA,NA,NA,H_11,F,73,No,No,0,Yes,2,NA,Remdesiver,NA,NA,26,exact,unknown,Immunocompetent,3/21/22,Yes,Chronic lung disease,Italy,Padua,Nasopharyngeal swab,Symptomatic,Symptomatic,4,Manuto_2024,73,70-79,antivirals
OR841459,21L,21L (BA.2),Omicron,21L,BA.2,BA.2,0,good,68,53,0,0,147,0,51,12,0,52,88893,51,29883,0.992743203,FALSE,"C241T,T670G,C2790T,C3037T,G4184A,C4321T,G5657T,C9344T,A9424G,C9534T,C9866T,C10029T,C10198T,G10447A,C10449A,C12880T,C14408T,C15714T,C17410T,A18163G,C19955T,A20055G,C21618T,G21987A,T22200G,G22578A,C22674T,T22679C,C22686T,A22688G,G22775A,A22786C,C22792T,G22813T,T22882G,G22992A,C22995A,A23013C,A23040G,A23055G,A23063T,T23075C,A23403G,C23525T,T23599G,C23604A,C23854A,G23948T,A24424T,T24469A,C25000T,C25584T,C26060T,C26270T,C26577G,G26709A,C26858T,A27259C,G27382C,A27383T,T27384C,C27807T,A28271T,C28311T,G28881A,G28882A,G28883C,A29510C","11288-11296,21633-21641,28362-28370,29734-29759",,,"E:T9I,M:Q19E,M:A63T,N:P13L,N:R203K,N:G204R,N:S413R,ORF1a:S135R,ORF1a:T842I,ORF1a:G1307S,ORF1a:V1798L,ORF1a:L3027F,ORF1a:T3090I,ORF1a:L3201F,ORF1a:T3255I,ORF1a:P3395H,ORF1b:P314L,ORF1b:R1315C,ORF1b:I1566V,ORF1b:T2163I,ORF3a:T223I,ORF6:D61L,ORF9b:P10S,S:T19I,S:A27S,S:G142D,S:V213G,S:G339D,S:S371F,S:S373P,S:S375F,S:T376A,S:D405N,S:R408S,S:K417N,S:N440K,S:S477N,S:T478K,S:E484A,S:Q493R,S:Q498R,S:N501Y,S:Y505H,S:D614G,S:H655Y,S:N679K,S:P681H,S:N764K,S:D796Y,S:Q954H,S:N969K","N:E31-,N:R32-,N:S33-,ORF1a:S3675-,ORF1a:G3676-,ORF1a:F3677-,ORF9b:E27-,ORF9b:N28-,ORF9b:A29-,S:L24-,S:P25-,S:P26-",,,,G5657T,0,0,1,1,"1276,1962-1985,2000-2054,6628,20310-20331,20568-20611",NODE_0000695,"G5657T,C9866T,C22792T",,"ORF1a:V1798L,ORF1a:L3201F",,NODE_0000695,"G5657T,C9866T,C22792T",,"ORF1a:V1798L,ORF1a:L3201F",,N/A,N/A,N/A,N/A,N/A,N/A,N/A,N/A,N/A,N/A,"ORF1a:566-574,ORF1a:579-597,ORF1b:2281-2288,ORF1b:2367-2382",NA,3000,0,good,147,10,0,good,0,24,-7,0,good,1,,0,good,0,NA,0,,0,0,good,NA,0,0,good,0,NA,NA,NA,NA,H_5,M,74,No,No,7,Yes,2,NA,Remdesiver,NA,NA,25.4,exact,unknown,Immunocompetent,3/22/22,Yes,Chronic lung disease,Italy,Padua,Nasopharyngeal swab,Symptomatic,Symptomatic,4,Manuto_2024,74,70-79,antivirals
OR841460,21L,21L (BA.2),Omicron,21L,BA.2,BA.2,0,good,72,62,0,0,0,0,52,15,0,0,88989,51,29883,0.997659098,FALSE,"C241T,T670G,T1468C,C2790T,C3037T,G4184A,C4321T,G8718A,C9344T,A9424G,C9534T,C9866T,C10029T,C10198T,G10447A,C10449A,C12880T,C14220T,C14408T,T14602C,C15714T,C17410T,A18163G,C19955T,A20055G,C21618T,G21987A,T22200G,G22578A,C22674T,T22679C,C22686T,A22688G,G22775A,A22786C,C22792T,G22813T,T22882G,G22992A,C22995A,A23013C,A23040G,A23055G,A23063T,T23075C,A23403G,C23525T,T23599G,C23604A,C23854A,G23948T,A24424T,T24469A,C25000T,C25584T,C26060T,C26270T,C26577G,G26709A,C26858T,A26924G,A27259C,G27382C,A27383T,T27384C,C27807T,A28271T,C28311T,G28881A,G28882A,G28883C,A29510C","510-518,11288-11296,21633-21641,28362-28370,29734-29759",,,"E:T9I,M:Q19E,M:A63T,N:P13L,N:R203K,N:G204R,N:S413R,ORF1a:M85V,ORF1a:S135R,ORF1a:T842I,ORF1a:G1307S,ORF1a:R2818H,ORF1a:L3027F,ORF1a:T3090I,ORF1a:L3201F,ORF1a:T3255I,ORF1a:P3395H,ORF1b:P314L,ORF1b:R1315C,ORF1b:I1566V,ORF1b:T2163I,ORF3a:T223I,ORF6:D61L,ORF9b:P10S,S:T19I,S:A27S,S:G142D,S:V213G,S:G339D,S:S371F,S:S373P,S:S375F,S:T376A,S:D405N,S:R408S,S:K417N,S:N440K,S:S477N,S:T478K,S:E484A,S:Q493R,S:Q498R,S:N501Y,S:Y505H,S:D614G,S:H655Y,S:N679K,S:P681H,S:N764K,S:D796Y,S:Q954H,S:N969K","N:E31-,N:R32-,N:S33-,ORF1a:G82-,ORF1a:H83-,ORF1a:V84-,ORF1a:S3675-,ORF1a:G3676-,ORF1a:F3677-,ORF9b:E27-,ORF9b:N28-,ORF9b:A29-,S:L24-,S:P25-,S:P26-",,,,"T1468C,G8718A,C14220T,T14602C,A26924G",0,0,5,5,,NODE_0000695,"T1468C,G8718A,C9866T,C14220T,T14602C,C22792T,A26924G",510-518,"ORF1a:M85V,ORF1a:R2818H,ORF1a:L3201F","ORF1a:G82-,ORF1a:H83-,ORF1a:V84-",NODE_0000695,"T1468C,G8718A,C9866T,C14220T,T14602C,C22792T,A26924G",510-518,"ORF1a:M85V,ORF1a:R2818H,ORF1a:L3201F","ORF1a:G82-,ORF1a:H83-,ORF1a:V84-",N/A,N/A,N/A,N/A,N/A,N/A,N/A,N/A,N/A,N/A,,NA,3000,0,good,0,10,0,good,0,24,-2,0,good,6,,0,good,0,NA,0,,0,0,good,NA,0,0,good,0,NA,NA,NA,NA,H_6,M,83,No,No,7,Yes,2,NA,Remdesiver,NA,NA,25.6,exact,unknown,Immunocompetent,3/22/22,Yes,Cardiovascular disease,Italy,Padua,Nasopharyngeal swab,Symptomatic,Symptomatic,4,Manuto_2024,83,80+,antivirals
OR841461,21K,21K (BA.1),Omicron,21K,BA.1,BA.1,2.777778,good,60,39,9,0,2,0,50,16,1,1,89087,51,29883,0.997592215,FALSE,"C241T,A2832G,C3037T,T5386G,C6285T,G8393A,C10029T,C10449A,C11471T,A11537G,T13195C,C14408T,C15240T,A18163G,A20418G,C21762T,C21846T,G22021T,G22578A,T22673C,C22674T,T22679C,C22686T,G22813T,T22882G,G22898A,G22992A,C22995A,A23013C,A23040G,G23048A,A23055G,A23063T,T23075C,C23202A,A23403G,C23525T,T23599G,C23604A,C23854A,G23948T,C24130A,A24424T,T24469A,C24503T,C25000T,C25584T,C25658T,C26270T,A26530G,C26577G,G26709A,A27259C,C27807T,A28271T,C28311T,C28606T,G28881A,G28882A,G28883C","6513-6515,11285-11293,21765-21770,21987-21995,22194-22196,28362-28370",22204:GAGCCAGAA,,"E:T9I,M:D3G,M:Q19E,M:A63T,N:P13L,N:R203K,N:G204R,ORF1a:K856R,ORF1a:T2007I,ORF1a:L2084I,ORF1a:A2710T,ORF1a:T3255I,ORF1a:P3395H,ORF1a:L3736F,ORF1a:I3758V,ORF1b:P314L,ORF1b:I1566V,ORF3a:T89I,ORF9b:P10S,S:A67V,S:T95I,S:Y145D,S:M153I,S:L212I,S:G339D,S:S371L,S:S373P,S:S375F,S:K417N,S:N440K,S:G446S,S:S477N,S:T478K,S:E484A,S:Q493R,S:G496S,S:Q498R,S:N501Y,S:Y505H,S:T547K,S:D614G,S:H655Y,S:N679K,S:P681H,S:N764K,S:D796Y,S:N856K,S:Q954H,S:N969K,S:L981F","N:E31-,N:R32-,N:S33-,ORF1a:S2083-,ORF1a:L3674-,ORF1a:S3675-,ORF1a:G3676-,ORF9b:E27-,ORF9b:N28-,ORF9b:A29-,S:H69-,S:V70-,S:G142-,S:V143-,S:Y144-,S:N211-",S:214:EPE,,"C6285T|21D,C25658T|23G&24I","C11471T,A20418G,G22021T,C28606T",0,2,4,6,"1,858,525,336",NODE_0000682,"C6285T,C11471T,A20418G,G22021T,C25658T,C28606T",,"ORF1a:T2007I,ORF1a:L3736F,ORF3a:T89I,S:M153I",,NODE_0000682,"C6285T,C11471T,A20418G,G22021T,C25658T,C28606T",,"ORF1a:T2007I,ORF1a:L3736F,ORF3a:T89I,S:M153I",,N/A,N/A,N/A,N/A,N/A,N/A,N/A,N/A,N/A,N/A,S:1258,NA,3000,0,good,2,10,0,good,0,24,4,16.666667,good,12,,0,good,0,NA,0,,0,0,good,NA,0,0,good,0,NA,NA,NA,NA,H_7,F,59,No,No,7,Yes,2,NA,Remdesiver,NA,NA,27.8,exact,unknown,Immunocompetent,3/23/22,Yes,Chronic liver disease,Italy,Padua,Nasopharyngeal swab,Symptomatic,Symptomatic,2,Manuto_2024,59,50-59,antivirals
OR841462,21L,21L (BA.2),Omicron,21L,BA.2.9,BA.2.9,0,good,70,53,0,0,0,0,52,12,0,0,89032,51,29883,0.997659098,FALSE,"C241T,T670G,C2790T,C3037T,G4184A,C4321T,C9344T,A9424G,C9534T,C9866T,C10029T,C10198T,G10447A,C10449A,C12880T,C14408T,C14931T,C15714T,C17410T,A18163G,C19955T,A20055G,C21618T,G21987A,T22200G,G22578A,C22674T,T22679C,C22686T,A22688G,G22775A,A22786C,C22792T,G22813T,T22882G,G22992A,C22995A,A23013C,A23040G,A23055G,A23063T,T23075C,A23403G,C23525T,T23599G,C23604A,C23854A,G23948T,A24424T,T24469A,C25000T,C25484T,C25584T,C25624T,C26060T,C26270T,C26577G,G26709A,C26858T,A27259C,G27382C,A27383T,T27384C,C27807T,A28271T,C28311T,G28881A,G28882A,G28883C,A29510C","11288-11296,21633-21641,28362-28370,29734-29759",,,"E:T9I,M:Q19E,M:A63T,N:P13L,N:R203K,N:G204R,N:S413R,ORF1a:S135R,ORF1a:T842I,ORF1a:G1307S,ORF1a:L3027F,ORF1a:T3090I,ORF1a:L3201F,ORF1a:T3255I,ORF1a:P3395H,ORF1b:P314L,ORF1b:R1315C,ORF1b:I1566V,ORF1b:T2163I,ORF3a:A31V,ORF3a:H78Y,ORF3a:T223I,ORF6:D61L,ORF9b:P10S,S:T19I,S:A27S,S:G142D,S:V213G,S:G339D,S:S371F,S:S373P,S:S375F,S:T376A,S:D405N,S:R408S,S:K417N,S:N440K,S:S477N,S:T478K,S:E484A,S:Q493R,S:Q498R,S:N501Y,S:Y505H,S:D614G,S:H655Y,S:N679K,S:P681H,S:N764K,S:D796Y,S:Q954H,S:N969K","N:E31-,N:R32-,N:S33-,ORF1a:S3675-,ORF1a:G3676-,ORF1a:F3677-,ORF9b:E27-,ORF9b:N28-,ORF9b:A29-,S:L24-,S:P25-,S:P26-",,,,"C14931T,C25484T",0,0,2,2,,NODE_0000695,"C9866T,C14931T,C22792T,C25484T,C25624T",,"ORF1a:L3201F,ORF3a:A31V,ORF3a:H78Y",,NODE_0000710,"C14931T,C25484T",,ORF3a:A31V,,N/A,N/A,N/A,N/A,N/A,N/A,N/A,N/A,N/A,N/A,,NA,3000,0,good,0,10,0,good,0,24,-6,0,good,2,,0,good,0,NA,0,,0,0,good,NA,0,0,good,0,NA,NA,NA,NA,H_9,M,89,No,No,7,Yes,2,NA,Remdesiver,NA,NA,23,exact,unknown,Immunocompetent,3/23/22,Yes,Cardiovascular disease,Italy,Padua,Nasopharyngeal swab,Symptomatic,Symptomatic,4,Manuto_2024,89,80+,antivirals
OR841463,21K,21K (BA.1),Omicron,21K,BA.1.1,BA.1.1,0,good,59,39,9,0,0,0,49,16,1,0,89093,51,29883,0.997659098,FALSE,"C241T,A2832G,C3037T,T5386G,G8393A,C10029T,C10449A,A11537G,C12733T,T13195C,A13756G,C14408T,C15240T,C15720T,A18163G,G19999T,C21762T,C21846T,G22578A,G22599A,T22673C,C22674T,T22679C,C22686T,G22813T,T22882G,G22898A,G22992A,C22995A,A23013C,A23040G,G23048A,A23055G,A23063T,T23075C,C23202A,A23403G,C23525T,T23599G,C23604A,C23854A,G23948T,C24130A,A24424T,T24469A,C24503T,C25000T,C25584T,C26270T,A26530G,C26577G,G26709A,A27259C,C27807T,A28271T,C28311T,G28881A,G28882A,G28883C","6513-6515,11285-11293,21765-21770,21987-21995,22194-22196,28362-28370",22204:GAGCCAGAA,,"E:T9I,M:D3G,M:Q19E,M:A63T,N:P13L,N:R203K,N:G204R,ORF1a:K856R,ORF1a:L2084I,ORF1a:A2710T,ORF1a:T3255I,ORF1a:P3395H,ORF1a:I3758V,ORF1b:I97V,ORF1b:P314L,ORF1b:I1566V,ORF1b:V2178F,ORF9b:P10S,S:A67V,S:T95I,S:Y145D,S:L212I,S:G339D,S:R346K,S:S371L,S:S373P,S:S375F,S:K417N,S:N440K,S:G446S,S:S477N,S:T478K,S:E484A,S:Q493R,S:G496S,S:Q498R,S:N501Y,S:Y505H,S:T547K,S:D614G,S:H655Y,S:N679K,S:P681H,S:N764K,S:D796Y,S:N856K,S:Q954H,S:N969K,S:L981F","N:E31-,N:R32-,N:S33-,ORF1a:S2083-,ORF1a:L3674-,ORF1a:S3675-,ORF1a:G3676-,ORF9b:E27-,ORF9b:N28-,ORF9b:A29-,S:H69-,S:V70-,S:G142-,S:V143-,S:Y144-,S:N211-",S:214:EPE,,,"C12733T,A13756G,C15720T,G19999T",0,0,4,4,,NODE_0000682,"C12733T,A13756G,C15720T,G19999T,G22599A",,"ORF1b:I97V,ORF1b:V2178F,S:R346K",,NODE_0000690,"C12733T,A13756G,C15720T,G19999T",,"ORF1b:I97V,ORF1b:V2178F",,N/A,N/A,N/A,N/A,N/A,N/A,N/A,N/A,N/A,N/A,,NA,3000,0,good,0,10,0,good,0,24,-4,0,good,4,,0,good,0,NA,0,,0,0,good,NA,0,0,good,0,NA,NA,NA,NA,H_11,F,73,No,No,7,Yes,2,NA,Remdesiver,NA,NA,26,exact,unknown,Immunocompetent,3/28/22,Yes,Chronic lung disease,Italy,Padua,Nasopharyngeal swab,Symptomatic,Symptomatic,4,Manuto_2024,73,70-79,antivirals
OR841464,21L,21L (BA.2),Omicron,21L,BA.2,BA.2,0.173611,good,73,53,0,0,0,0,52,12,0,0,89020,51,29883,0.997659098,FALSE,"C241T,T670G,T1468C,C2790T,C3037T,G4184A,T4318C,C4321T,C7869T,G8718A,C9344T,A9424G,C9534T,C9866T,C10029T,C10198T,G10447A,C10449A,C12880T,C14220T,C14408T,C15714T,C17410T,A18163G,C19955T,A20055G,C21618T,G21987A,T22200G,G22578A,C22674T,T22679C,C22686T,A22688G,G22775A,A22786C,C22792T,G22813T,T22882G,G22992A,C22995A,A23013C,A23040G,A23055G,A23063T,T23075C,A23403G,C23525T,T23599G,C23604A,C23854A,G23948T,A24424T,T24469A,C25000T,C25584T,C26060T,C26270T,C26577G,G26709A,C26858T,A26924G,A27259C,G27382C,A27383T,T27384C,C27807T,A28271T,C28311T,G28881A,G28882A,G28883C,A29510C","11288-11296,21633-21641,28362-28370,29734-29759",,,"E:T9I,M:Q19E,M:A63T,N:P13L,N:R203K,N:G204R,N:S413R,ORF1a:S135R,ORF1a:T842I,ORF1a:G1307S,ORF1a:S2535L,ORF1a:R2818H,ORF1a:L3027F,ORF1a:T3090I,ORF1a:L3201F,ORF1a:T3255I,ORF1a:P3395H,ORF1b:P314L,ORF1b:R1315C,ORF1b:I1566V,ORF1b:T2163I,ORF3a:T223I,ORF6:D61L,ORF9b:P10S,S:T19I,S:A27S,S:G142D,S:V213G,S:G339D,S:S371F,S:S373P,S:S375F,S:T376A,S:D405N,S:R408S,S:K417N,S:N440K,S:S477N,S:T478K,S:E484A,S:Q493R,S:Q498R,S:N501Y,S:Y505H,S:D614G,S:H655Y,S:N679K,S:P681H,S:N764K,S:D796Y,S:Q954H,S:N969K","N:E31-,N:R32-,N:S33-,ORF1a:S3675-,ORF1a:G3676-,ORF1a:F3677-,ORF9b:E27-,ORF9b:N28-,ORF9b:A29-,S:L24-,S:P25-,S:P26-",,,C7869T|24H,"T1468C,T4318C,G8718A,C14220T,A26924G",0,1,5,6,,NODE_0000695,"T1468C,T4318C,C7869T,G8718A,C9866T,C14220T,C22792T,A26924G",,"ORF1a:S2535L,ORF1a:R2818H,ORF1a:L3201F",,NODE_0000695,"T1468C,T4318C,C7869T,G8718A,C9866T,C14220T,C22792T,A26924G",,"ORF1a:S2535L,ORF1a:R2818H,ORF1a:L3201F",,N/A,N/A,N/A,N/A,N/A,N/A,N/A,N/A,N/A,N/A,,NA,3000,0,good,0,10,0,good,0,24,1,4.166667,good,9,,0,good,0,NA,0,,0,0,good,NA,0,0,good,0,NA,NA,NA,NA,H_12,F,85,No,No,0,Yes,2,NA,Remdesiver,NA,NA,20.5,exact,unknown,Immunocompetent,3/29/22,Yes,Cardiovascular disease,Italy,Padua,Nasopharyngeal swab,Symptomatic,Symptomatic,4,Manuto_2024,85,80+,antivirals
OR841465,21L,21L (BA.2),Omicron,21L,BA.2,BA.2,0.173611,good,73,53,0,0,0,0,52,12,0,0,89020,51,29883,0.997659098,FALSE,"C241T,T670G,T1468C,C2790T,C3037T,G4184A,T4318C,C4321T,C7869T,G8718A,C9344T,A9424G,C9534T,C9866T,C10029T,C10198T,G10447A,C10449A,C12880T,C14220T,C14408T,C15714T,C17410T,A18163G,C19955T,A20055G,C21618T,G21987A,T22200G,G22578A,C22674T,T22679C,C22686T,A22688G,G22775A,A22786C,C22792T,G22813T,T22882G,G22992A,C22995A,A23013C,A23040G,A23055G,A23063T,T23075C,A23403G,C23525T,T23599G,C23604A,C23854A,G23948T,A24424T,T24469A,C25000T,C25584T,C26060T,C26270T,C26577G,G26709A,C26858T,A26924G,A27259C,G27382C,A27383T,T27384C,C27807T,A28271T,C28311T,G28881A,G28882A,G28883C,A29510C","11288-11296,21633-21641,28362-28370,29734-29759",,,"E:T9I,M:Q19E,M:A63T,N:P13L,N:R203K,N:G204R,N:S413R,ORF1a:S135R,ORF1a:T842I,ORF1a:G1307S,ORF1a:S2535L,ORF1a:R2818H,ORF1a:L3027F,ORF1a:T3090I,ORF1a:L3201F,ORF1a:T3255I,ORF1a:P3395H,ORF1b:P314L,ORF1b:R1315C,ORF1b:I1566V,ORF1b:T2163I,ORF3a:T223I,ORF6:D61L,ORF9b:P10S,S:T19I,S:A27S,S:G142D,S:V213G,S:G339D,S:S371F,S:S373P,S:S375F,S:T376A,S:D405N,S:R408S,S:K417N,S:N440K,S:S477N,S:T478K,S:E484A,S:Q493R,S:Q498R,S:N501Y,S:Y505H,S:D614G,S:H655Y,S:N679K,S:P681H,S:N764K,S:D796Y,S:Q954H,S:N969K","N:E31-,N:R32-,N:S33-,ORF1a:S3675-,ORF1a:G3676-,ORF1a:F3677-,ORF9b:E27-,ORF9b:N28-,ORF9b:A29-,S:L24-,S:P25-,S:P26-",,,C7869T|24H,"T1468C,T4318C,G8718A,C14220T,A26924G",0,1,5,6,,NODE_0000695,"T1468C,T4318C,C7869T,G8718A,C9866T,C14220T,C22792T,A26924G",,"ORF1a:S2535L,ORF1a:R2818H,ORF1a:L3201F",,NODE_0000695,"T1468C,T4318C,C7869T,G8718A,C9866T,C14220T,C22792T,A26924G",,"ORF1a:S2535L,ORF1a:R2818H,ORF1a:L3201F",,N/A,N/A,N/A,N/A,N/A,N/A,N/A,N/A,N/A,N/A,,NA,3000,0,good,0,10,0,good,0,24,1,4.166667,good,9,,0,good,0,NA,0,,0,0,good,NA,0,0,good,0,NA,NA,NA,NA,H_12,F,85,No,No,3,Yes,2,NA,Remdesiver,NA,NA,27.8,exact,unknown,Immunocompetent,1/4/22,Yes,Cardiovascular disease,Italy,Padua,Nasopharyngeal swab,Symptomatic,Symptomatic,4,Manuto_2024,85,80+,antivirals
PP232072,22E,22E (BQ.1),Omicron,22E,BA.5.3.1.1.1.1.1.1,BQ.1.1,94.444444,mediocre,103,0,0,0,0,0,65,0,0,0,89039,26,29842,0.997124034,FALSE,"C44T,C241T,T670G,C1931A,C2790T,T2954C,C3037T,G4184A,C4321T,C9344T,A9424G,C9534T,C10029T,C10198T,G10447A,C10449A,T11288A,G11291A,T11296G,C11750T,G12160A,C12880T,T14257C,C14408T,C15678T,C15714T,C16887T,G16935A,A17039G,C17410T,A18163G,C19955T,A20055G,C21618T,T21633C,C21636A,C21638A,C21639A,G21641C,A21766C,G21987A,T22200G,G22578A,G22599C,C22674T,T22679C,C22686T,A22688G,G22775A,A22786C,G22813T,T22882G,A22893C,T22917G,T22942A,G22992A,C22995A,A23013C,T23018G,A23055G,A23063T,T23075C,A23403G,C23525T,T23599G,C23604A,C23854A,G23948T,A24424T,T24469A,C25000T,C25584T,C26060T,C26270T,G26529A,C26577G,G26709A,C26753T,C27807T,C27889T,A28271T,C28311T,C28312T,G28681T,G28881A,G28882A,G28883C,G29260A,A29510C,C29572T,G29734T,G29736A,G29737A,C29739A,C29741T,T29748A,A29749G,G29751T,A29752G,T29753C,G29755T,T29758C,G29759C",,,,"E:T9I,M:D3N,M:Q19E,M:A63T,N:P13L,N:E136D,N:R203K,N:G204R,N:S413R,ORF1a:S135R,ORF1a:Q556K,ORF1a:T842I,ORF1a:G1307S,ORF1a:L3027F,ORF1a:T3090I,ORF1a:T3255I,ORF1a:P3395H,ORF1a:S3675T,ORF1a:G3676S,ORF1a:F3677L,ORF1a:L3829F,ORF1b:Y264H,ORF1b:P314L,ORF1b:M1156I,ORF1b:N1191S,ORF1b:R1315C,ORF1b:I1566V,ORF1b:T2163I,ORF3a:T223I,ORF9b:P10F,S:T19I,S:L24S,S:P25H,S:P26N,S:A27P,S:G142D,S:V213G,S:G339D,S:R346T,S:S371F,S:S373P,S:S375F,S:T376A,S:D405N,S:R408S,S:K417N,S:N440K,S:K444T,S:L452R,S:N460K,S:S477N,S:T478K,S:E484A,S:F486V,S:Q498R,S:N501Y,S:Y505H,S:D614G,S:H655Y,S:N679K,S:P681H,S:N764K,S:D796Y,S:Q954H,S:N969K",,,,,"C44T,-11288A,-11291A,-11296G,C15678T,C16887T,-21633C,-21636A,-21638A,-21639A,-21641C,-21766C,C26753T,G29260A,C29572T,-29734T,-29736A,-29737A,-29739A,-29741T,-29748A,-29749G,-29751T,-29752G,-29753C,-29755T,-29758C,-29759C",0,0,28,28,,NODE_0000974,"C44T,-11288A,-11291A,-11296G,C15678T,C16887T,A17039G,-21633C,-21636A,-21638A,-21639A,-21641C,-21766C,G22599C,C26753T,G29260A,C29572T,-29734T,-29736A,-29737A,-29739A,-29741T,-29748A,-29749G,-29751T,-29752G,-29753C,-29755T,-29758C,-29759C",,"N:-31E,N:-32R,N:-33S,ORF1a:-3675T,ORF1a:-3676S,ORF1a:-3677L,ORF1b:N1191S,ORF9b:-27E,ORF9b:-28N,ORF9b:-29A,S:-24S,S:-25H,S:-26N,S:S27P,S:-69H,S:-70V,S:R346T",,NODE_0000996,"C44T,-11288A,-11291A,-11296G,C15678T,C16887T,-21633C,-21636A,-21638A,-21639A,-21641C,-21766C,C26753T,G29260A,C29572T,-29734T,-29736A,-29737A,-29739A,-29741T,-29748A,-29749G,-29751T,-29752G,-29753C,-29755T,-29758C,-29759C",,"N:-31E,N:-32R,N:-33S,ORF1a:-3675T,ORF1a:-3676S,ORF1a:-3677L,ORF9b:-27E,ORF9b:-28N,ORF9b:-29A,S:-24S,S:-25H,S:-26N,S:S27P,S:-69H,S:-70V",,N/A,N/A,N/A,N/A,N/A,N/A,N/A,N/A,N/A,N/A,,NA,3000,0,good,0,10,0,good,0,24,20,83.333333,mediocre,28,29734-29758:13,50,mediocre,13,NA,0,,0,0,good,NA,0,0,good,0,NA,NA,NA,NA,PZ_A,M,82,Yes,No,12,Yes,3,NA,Remdesiver,NA,high-flow nasal cannula,15-34,range,,Immunocompromised,1/20/23,Yes,Combined hyperlipidemia and Chronic kidney disease,Italy,Catanzaro ,Nasopharyngeal swab,"Acute Respiratory Failure, Acute Respiratory Distress Syndrome, virus‚Äêinduced septic shock or multiple organ dysfunction ",Symptomatic,7,Pavia_2024,82,80+,antivirals
PP232073,22E,22E (BQ.1),Omicron,22E,BA.5.3.1.1.1.1.1.1,BQ.1.1,94.444444,mediocre,103,0,0,0,0,0,67,0,0,0,89039,26,29842,0.997124034,FALSE,"C44T,C241T,T670G,C1931A,C2790T,T2954C,C3037T,G4184A,C4321T,C9344T,A9424G,C9534T,C10029T,C10198T,G10447A,C10449A,T11288A,G11291A,T11296G,C11750T,G12160A,C12880T,T14257C,C14408T,C15678T,C15714T,C16887T,G16935A,A17039G,C17410T,T17979A,A18163G,C19955T,A20055G,C21618T,C21636A,C21639A,G21641T,A21766C,G21987A,T22200G,G22578A,G22599C,C22674T,T22679C,C22686T,A22688G,G22775A,A22786C,G22813T,T22882G,A22893C,T22917G,T22942A,G22992A,C22995A,A23013C,T23018G,A23055G,A23063T,T23075C,A23403G,C23525T,T23599G,C23604A,C23854A,G23948T,A24424T,T24469A,C25000T,C25584T,C26060T,C26270T,G26529A,C26577G,G26709A,C26753T,C27807T,C27889T,A28271T,C28311T,C28312T,A28363T,C28367T,A28370G,G28681T,G28881A,G28882A,G28883C,G29260A,A29510C,T29564A,G29734T,G29736A,G29737A,C29739A,C29741T,T29748A,A29749G,G29751T,A29752G,T29753C,G29755T",,,,"E:T9I,M:D3N,M:Q19E,M:A63T,N:P13L,N:R32C,N:S33G,N:E136D,N:R203K,N:G204R,N:S413R,ORF1a:S135R,ORF1a:Q556K,ORF1a:T842I,ORF1a:G1307S,ORF1a:L3027F,ORF1a:T3090I,ORF1a:T3255I,ORF1a:P3395H,ORF1a:S3675T,ORF1a:G3676S,ORF1a:F3677L,ORF1a:L3829F,ORF1b:Y264H,ORF1b:P314L,ORF1b:M1156I,ORF1b:N1191S,ORF1b:R1315C,ORF1b:I1566V,ORF1b:T2163I,ORF3a:T223I,ORF9b:P10F,ORF9b:E27V,S:T19I,S:P25H,S:P26H,S:A27S,S:G142D,S:V213G,S:G339D,S:R346T,S:S371F,S:S373P,S:S375F,S:T376A,S:D405N,S:R408S,S:K417N,S:N440K,S:K444T,S:L452R,S:N460K,S:S477N,S:T478K,S:E484A,S:F486V,S:Q498R,S:N501Y,S:Y505H,S:D614G,S:H655Y,S:N679K,S:P681H,S:N764K,S:D796Y,S:Q954H,S:N969K",,,,,"C44T,-11288A,-11291A,-11296G,C15678T,C16887T,T17979A,-21636A,-21639A,-21641T,-21766C,C26753T,-28363T,-28367T,-28370G,G29260A,T29564A,-29734T,-29736A,-29737A,-29739A,-29741T,-29748A,-29749G,-29751T,-29752G,-29753C,-29755T",0,0,28,28,,NODE_0000974,"C44T,-11288A,-11291A,-11296G,C15678T,C16887T,A17039G,T17979A,-21636A,-21639A,-21641T,-21766C,G22599C,C26753T,-28363T,-28367T,-28370G,G29260A,T29564A,-29734T,-29736A,-29737A,-29739A,-29741T,-29748A,-29749G,-29751T,-29752G,-29753C,-29755T",,"N:-31E,N:-32C,N:-33G,ORF1a:-3675T,ORF1a:-3676S,ORF1a:-3677L,ORF1b:N1191S,ORF9b:-27V,ORF9b:-28N,ORF9b:-29A,S:-24L,S:-25H,S:-26H,S:-69H,S:-70V,S:R346T",,NODE_0000996,"C44T,-11288A,-11291A,-11296G,C15678T,C16887T,T17979A,-21636A,-21639A,-21641T,-21766C,C26753T,-28363T,-28367T,-28370G,G29260A,T29564A,-29734T,-29736A,-29737A,-29739A,-29741T,-29748A,-29749G,-29751T,-29752G,-29753C,-29755T",,"N:-31E,N:-32C,N:-33G,ORF1a:-3675T,ORF1a:-3676S,ORF1a:-3677L,ORF9b:-27V,ORF9b:-28N,ORF9b:-29A,S:-24L,S:-25H,S:-26H,S:-69H,S:-70V",,N/A,N/A,N/A,N/A,N/A,N/A,N/A,N/A,N/A,N/A,,NA,3000,0,good,0,10,0,good,0,24,20,83.333333,mediocre,28,29734-29754:11,50,mediocre,11,NA,0,,0,0,good,NA,0,0,good,0,NA,NA,NA,NA,PZ_A,M,82,Yes,No,23,Yes,3,NA,Remdesiver,NA,high-flow nasal cannula,15-34,range,,Immunocompromised,1/31/23,Yes,Combined hyperlipidemia and Chronic kidney disease,Italy,Catanzaro ,Nasopharyngeal swab,"Acute Respiratory Failure, Acute Respiratory Distress Syndrome, virus‚Äêinduced septic shock or multiple organ dysfunction ",Symptomatic,7,Pavia_2024,82,80+,antivirals
PP232074,22E,22E (BQ.1),Omicron,22E,BA.5.3.1.1.1.1.1.1,BQ.1.1,151.5625,bad,103,0,0,0,0,0,64,0,0,0,89039,26,29842,0.997124034,FALSE,"C44T,T670G,C1931A,C2790T,T2954C,C3037T,G4184A,C4321T,C9344T,A9424G,C9534T,C10029T,C10198T,G10447A,C10449A,T11288A,G11291A,T11296G,C11750T,G12160A,C12880T,T14257C,C14408T,C15678T,C15714T,C16887T,G16935A,A17039G,C17410T,T17979A,A18163G,C19955T,A20055G,C21618T,C21635T,C21636A,C21638A,C21639A,G21641T,A21766C,G21987A,T22200G,G22578A,G22599C,C22674T,T22679C,C22686T,A22688G,G22775A,A22786C,G22813T,T22882G,A22893C,T22917G,T22942A,G22992A,C22995A,A23013C,T23018G,A23055G,A23063T,T23075C,A23403G,C23525T,T23599G,C23604A,C23854A,G23948T,A24424T,T24469A,C25000T,C25584T,C26060T,C26270T,G26529A,C26577G,G26709A,C26753T,C27807T,C27889T,A28271T,C28311T,C28312T,G28681T,G28881A,G28882A,G28883C,G29260A,A29510C,G29734T,G29736A,G29737A,C29739A,C29741T,T29748A,A29749G,G29751T,A29752G,T29753C,G29755T,A29756C,G29757C,G29759C",,,,"E:T9I,M:D3N,M:Q19E,M:A63T,N:P13L,N:E136D,N:R203K,N:G204R,N:S413R,ORF1a:S135R,ORF1a:Q556K,ORF1a:T842I,ORF1a:G1307S,ORF1a:L3027F,ORF1a:T3090I,ORF1a:T3255I,ORF1a:P3395H,ORF1a:S3675T,ORF1a:G3676S,ORF1a:F3677L,ORF1a:L3829F,ORF1b:Y264H,ORF1b:P314L,ORF1b:M1156I,ORF1b:N1191S,ORF1b:R1315C,ORF1b:I1566V,ORF1b:T2163I,ORF3a:T223I,ORF9b:P10F,S:T19I,S:P25Y,S:P26N,S:A27S,S:G142D,S:V213G,S:G339D,S:R346T,S:S371F,S:S373P,S:S375F,S:T376A,S:D405N,S:R408S,S:K417N,S:N440K,S:K444T,S:L452R,S:N460K,S:S477N,S:T478K,S:E484A,S:F486V,S:Q498R,S:N501Y,S:Y505H,S:D614G,S:H655Y,S:N679K,S:P681H,S:N764K,S:D796Y,S:Q954H,S:N969K",,,T241C,,"C44T,-11288A,-11291A,-11296G,C15678T,C16887T,T17979A,-21635T,-21636A,-21638A,-21639A,-21641T,-21766C,C26753T,G29260A,-29734T,-29736A,-29737A,-29739A,-29741T,-29748A,-29749G,-29751T,-29752G,-29753C,-29755T,-29756C,-29757C,-29759C",1,0,29,30,,NODE_0000974,"C44T,T241C,-11288A,-11291A,-11296G,C15678T,C16887T,A17039G,T17979A,-21635T,-21636A,-21638A,-21639A,-21641T,-21766C,G22599C,C26753T,G29260A,-29734T,-29736A,-29737A,-29739A,-29741T,-29748A,-29749G,-29751T,-29752G,-29753C,-29755T,-29756C,-29757C,-29759C",,"N:-31E,N:-32R,N:-33S,ORF1a:-3675T,ORF1a:-3676S,ORF1a:-3677L,ORF1b:N1191S,ORF9b:-27E,ORF9b:-28N,ORF9b:-29A,S:-24L,S:-25Y,S:-26N,S:-69H,S:-70V,S:R346T",,NODE_0000996,"C44T,T241C,-11288A,-11291A,-11296G,C15678T,C16887T,T17979A,-21635T,-21636A,-21638A,-21639A,-21641T,-21766C,C26753T,G29260A,-29734T,-29736A,-29737A,-29739A,-29741T,-29748A,-29749G,-29751T,-29752G,-29753C,-29755T,-29756C,-29757C,-29759C",,"N:-31E,N:-32R,N:-33S,ORF1a:-3675T,ORF1a:-3676S,ORF1a:-3677L,ORF9b:-27E,ORF9b:-28N,ORF9b:-29A,S:-24L,S:-25Y,S:-26N,S:-69H,S:-70V",,N/A,N/A,N/A,N/A,N/A,N/A,N/A,N/A,N/A,N/A,,NA,3000,0,good,0,10,0,good,0,24,27,112.5,bad,35,29734-29758:14,50,mediocre,14,NA,0,,0,0,good,NA,0,0,good,0,NA,NA,NA,NA,PZ_A,M,82,Yes,No,32,Yes,3,NA,Remdesiver,NA,high-flow nasal cannula,15-34,range,,Immunocompromised,2/9/23,Yes,Combined hyperlipidemia and Chronic kidney disease,Italy,Catanzaro ,Nasopharyngeal swab,"Acute Respiratory Failure, Acute Respiratory Distress Syndrome, virus‚Äêinduced septic shock or multiple organ dysfunction ",Symptomatic,7,Pavia_2024,82,80+,antivirals
PP232075,21K,21K (BA.1),Omicron,21K,BA.1.1,BA.1.1,8.506944,good,68,0,0,0,0,0,54,0,0,0,89179,26,29842,0.997124034,FALSE,"C241T,G806A,C2470T,A2832G,C3037T,T5386G,G6513A,T6515A,G8393A,G9237A,C9893T,C10029T,C10449A,T11288A,G11291A,A11537G,T13195C,C14408T,C15240T,A18163G,C21762T,A21766C,C21846T,G21987A,A22194T,T22195G,G22578A,G22599A,T22673C,C22674T,T22679C,C22686T,G22813T,T22882G,G22898A,G22992A,C22995A,A23013C,A23040G,G23048A,A23055G,A23063T,T23075C,C23202A,A23403G,C23525T,T23599G,C23604A,C23854A,G23948T,C24130A,A24424T,T24469A,C24503T,C25000T,C25584T,C26270T,A26530G,C26577G,G26709A,A27259C,C27807T,A28271T,C28311T,C28695T,G28881A,G28882A,G28883C",,,,"E:T9I,M:D3G,M:Q19E,M:A63T,N:P13L,N:T141I,N:R203K,N:G204R,ORF1a:A181T,ORF1a:K856R,ORF1a:S2083N,ORF1a:L2084I,ORF1a:A2710T,ORF1a:R2991K,ORF1a:L3210F,ORF1a:T3255I,ORF1a:P3395H,ORF1a:S3675T,ORF1a:G3676S,ORF1a:I3758V,ORF1b:P314L,ORF1b:I1566V,ORF9b:P10S,S:A67V,S:T95I,S:G142D,S:N211M,S:G339D,S:R346K,S:S371L,S:S373P,S:S375F,S:K417N,S:N440K,S:G446S,S:S477N,S:T478K,S:E484A,S:Q493R,S:G496S,S:Q498R,S:N501Y,S:Y505H,S:T547K,S:D614G,S:H655Y,S:N679K,S:P681H,S:N764K,S:D796Y,S:N856K,S:Q954H,S:N969K,S:L981F",,,,-21987A|21J&21L&22B&22E&23A&22C&24A&22A&21I&23F&23D&23B&22D&22F&24E&rec&21A&23C&24C&23E&23H&24B&23I&24G&23G&24F&21B&24D&24H&24I,"G806A,-6513A,-6515A,G9237A,C9893T,-11288A,-11291A,-21766C,-22194T,-22195G,C28695T",0,1,11,12,,NODE_0000682,"G806A,C2470T,-6513A,-6515A,G9237A,C9893T,-11288A,-11291A,-21766C,-21987A,-22194T,-22195G,G22599A,C28695T",,"N:-31E,N:-32R,N:-33S,N:T141I,ORF1a:A181T,ORF1a:-2083N,ORF1a:R2991K,ORF1a:L3210F,ORF1a:-3674L,ORF1a:-3675T,ORF1a:-3676S,ORF9b:-27E,ORF9b:-28N,ORF9b:-29A,S:-69H,S:-70V,S:-142D,S:-143V,S:-144Y,S:D145Y,S:-211M,S:I212L,S:R346K",,NODE_0000690,"G806A,C2470T,-6513A,-6515A,G9237A,C9893T,-11288A,-11291A,-21766C,-21987A,-22194T,-22195G,C28695T",,"N:-31E,N:-32R,N:-33S,N:T141I,ORF1a:A181T,ORF1a:-2083N,ORF1a:R2991K,ORF1a:L3210F,ORF1a:-3674L,ORF1a:-3675T,ORF1a:-3676S,ORF9b:-27E,ORF9b:-28N,ORF9b:-29A,S:-69H,S:-70V,S:-142D,S:-143V,S:-144Y,S:D145Y,S:-211M,S:I212L",,N/A,N/A,N/A,N/A,N/A,N/A,N/A,N/A,N/A,N/A,,NA,3000,0,good,0,10,0,good,0,24,7,29.166667,good,15,,0,good,0,NA,0,,0,0,good,NA,0,0,good,0,NA,NA,NA,NA,PZ_B,M,69,Yes,Yes,7,No,0,NA,NA,NA,invasive mechanical ventilation,15-34,range,,Immunocompromised,3/28/22,Yes,Hematologic malignancy and Diabetes mellitus type 2 and Obesity and Thyroiditis,Italy,Catanzaro ,Nasopharyngeal swab,"Acute Respiratory Failure, Acute Respiratory Distress Syndrome, virus‚Äêinduced septic shock or multiple organ dysfunction ",Symptomatic,3,Pavia_2024,69,60-69,NA
PP232076,21K,21K (BA.1),Omicron,21K,BA.1.1,BA.1.1,25,good,76,0,0,0,0,0,61,0,0,0,89147,26,29842,0.997124034,FALSE,"C241T,G806A,T1847C,C2470T,A2832G,C3037T,T5386G,G6359C,T6379C,G6513A,G8393A,G9237A,C9893T,C10029T,C10449A,G11287T,T11288A,G11291A,A11537G,T13195C,C14408T,C15240T,A18163G,C21762T,A21766C,C21846T,A21993T,T21994G,T21995G,A22194T,T22195G,G22578A,G22599A,T22673C,C22674T,T22679C,C22686T,G22813T,T22882G,G22898A,G22992A,C22995A,A23013C,A23040G,G23048A,A23055G,A23063T,T23075C,C23202A,A23403G,C23525T,T23599G,C23604A,C23854A,G23948T,C24130A,A24424T,T24469A,C24503T,C25000T,C25584T,C26270T,A26530G,C26577G,G26709A,A27259C,C27807T,A28271T,C28311T,A28363T,A28365G,A28370G,C28695T,G28881A,G28882A,G28883C",,,,"E:T9I,M:D3G,M:Q19E,M:A63T,N:P13L,N:E31G,N:S33G,N:T141I,N:R203K,N:G204R,ORF1a:A181T,ORF1a:S528P,ORF1a:K856R,ORF1a:D2032H,ORF1a:S2083N,ORF1a:A2710T,ORF1a:R2991K,ORF1a:L3210F,ORF1a:T3255I,ORF1a:P3395H,ORF1a:L3674F,ORF1a:S3675T,ORF1a:G3676S,ORF1a:I3758V,ORF1b:P314L,ORF1b:I1566V,ORF9b:P10S,ORF9b:E27V,ORF9b:N28D,S:A67V,S:T95I,S:Y144L,S:Y145D,S:N211M,S:G339D,S:R346K,S:S371L,S:S373P,S:S375F,S:K417N,S:N440K,S:G446S,S:S477N,S:T478K,S:E484A,S:Q493R,S:G496S,S:Q498R,S:N501Y,S:Y505H,S:T547K,S:D614G,S:H655Y,S:N679K,S:P681H,S:N764K,S:D796Y,S:N856K,S:Q954H,S:N969K,S:L981F",,,,,"G806A,T1847C,G6359C,T6379C,-6513A,G9237A,C9893T,-11287T,-11288A,-11291A,-21766C,-21993T,-21994G,-21995G,-22194T,-22195G,-28363T,-28365G,-28370G,C28695T",0,0,20,20,,NODE_0000682,"G806A,T1847C,C2470T,G6359C,T6379C,-6513A,G9237A,C9893T,-11287T,-11288A,-11291A,-21766C,-21993T,-21994G,-21995G,-22194T,-22195G,G22599A,-28363T,-28365G,-28370G,C28695T",,"N:-31G,N:-32R,N:-33G,N:T141I,ORF1a:A181T,ORF1a:S528P,ORF1a:D2032H,ORF1a:-2083N,ORF1a:I2084L,ORF1a:R2991K,ORF1a:L3210F,ORF1a:-3674F,ORF1a:-3675T,ORF1a:-3676S,ORF9b:-27V,ORF9b:-28D,ORF9b:-29A,S:-69H,S:-70V,S:-142G,S:-143V,S:-144L,S:-211M,S:I212L,S:R346K",,NODE_0000690,"G806A,T1847C,C2470T,G6359C,T6379C,-6513A,G9237A,C9893T,-11287T,-11288A,-11291A,-21766C,-21993T,-21994G,-21995G,-22194T,-22195G,-28363T,-28365G,-28370G,C28695T",,"N:-31G,N:-32R,N:-33G,N:T141I,ORF1a:A181T,ORF1a:S528P,ORF1a:D2032H,ORF1a:-2083N,ORF1a:I2084L,ORF1a:R2991K,ORF1a:L3210F,ORF1a:-3674F,ORF1a:-3675T,ORF1a:-3676S,ORF9b:-27V,ORF9b:-28D,ORF9b:-29A,S:-69H,S:-70V,S:-142G,S:-143V,S:-144L,S:-211M,S:I212L",,N/A,N/A,N/A,N/A,N/A,N/A,N/A,N/A,N/A,N/A,,NA,3000,0,good,0,10,0,good,0,24,12,50,mediocre,20,,0,good,0,NA,0,,0,0,good,NA,0,0,good,0,NA,NA,NA,NA,PZ_B,M,69,Yes,Yes,18,No,0,NA,NA,NA,invasive mechanical ventilation,15-34,range,,Immunocompromised,4/9/22,Yes,Hematologic malignancy and Diabetes mellitus type 2 and Obesity and Thyroiditis,Italy,Catanzaro ,Nasopharyngeal swab,"Acute Respiratory Failure, Acute Respiratory Distress Syndrome, virus‚Äêinduced septic shock or multiple organ dysfunction ",Symptomatic,3,Pavia_2024,69,60-69,NA
PP232077,21K,21K (BA.1),Omicron,21K,BA.1.1,BA.1.1,100,bad,88,0,0,0,0,0,70,0,0,0,89099,26,29842,0.997124034,FALSE,"C241T,G806A,T1052C,C2470T,A2832G,C3037T,C4886T,T5386G,G6359C,T6379C,G6513A,G8393A,C9144T,G9237A,C9893T,C10029T,C10449A,G11287T,T11288A,G11291A,A11537G,C11637T,C13026T,T13195C,C13326A,C14408T,C15240T,C16756A,C17414T,A18163G,C18440A,G20853T,C21762T,A21766C,C21846T,A21993T,T21994G,T21995G,A22194T,T22195G,C22388T,G22578A,G22599A,T22673C,C22674T,T22679C,C22686T,G22813T,T22882G,G22898A,G22992A,C22995A,A23013C,A23040G,G23048A,A23055G,A23063T,T23075C,C23202A,A23403G,C23525T,T23599G,C23604A,C23634T,C23854A,G23948T,C24130A,A24424T,T24469A,C24503T,C25000T,C25584T,C26270T,A26530G,C26577G,G26709A,A27259C,C27807T,T28238A,A28271T,C28311T,A28363T,C28367T,A28370G,C28695T,G28881A,G28882A,G28883C",,,,"E:T9I,M:D3G,M:Q19E,M:A63T,N:P13L,N:R32C,N:S33G,N:T141I,N:R203K,N:G204R,ORF1a:A181T,ORF1a:F263L,ORF1a:K856R,ORF1a:P1541S,ORF1a:D2032H,ORF1a:S2083N,ORF1a:A2710T,ORF1a:S2960F,ORF1a:R2991K,ORF1a:L3210F,ORF1a:T3255I,ORF1a:P3395H,ORF1a:L3674F,ORF1a:S3675T,ORF1a:G3676S,ORF1a:I3758V,ORF1a:T3791I,ORF1a:A4254V,ORF1a:T4354K,ORF1b:P314L,ORF1b:P1097T,ORF1b:A1316V,ORF1b:I1566V,ORF1b:S1658Y,ORF1b:M2462I,ORF9b:P10S,ORF9b:E27V,S:A67V,S:T95I,S:Y144L,S:Y145D,S:N211M,S:G339D,S:R346K,S:S371L,S:S373P,S:S375F,S:K417N,S:N440K,S:G446S,S:S477N,S:T478K,S:E484A,S:Q493R,S:G496S,S:Q498R,S:N501Y,S:Y505H,S:T547K,S:D614G,S:H655Y,S:N679K,S:P681H,S:S691F,S:N764K,S:D796Y,S:N856K,S:Q954H,S:N969K,S:L981F",,,,,"G806A,T1052C,C4886T,G6359C,T6379C,-6513A,C9144T,G9237A,C9893T,-11287T,-11288A,-11291A,C11637T,C13026T,C13326A,C16756A,C17414T,C18440A,G20853T,-21766C,-21993T,-21994G,-21995G,-22194T,-22195G,C22388T,C23634T,T28238A,-28363T,-28367T,-28370G,C28695T",0,0,32,32,,NODE_0000682,"G806A,T1052C,C2470T,C4886T,G6359C,T6379C,-6513A,C9144T,G9237A,C9893T,-11287T,-11288A,-11291A,C11637T,C13026T,C13326A,C16756A,C17414T,C18440A,G20853T,-21766C,-21993T,-21994G,-21995G,-22194T,-22195G,C22388T,G22599A,C23634T,T28238A,-28363T,-28367T,-28370G,C28695T",,"N:-31E,N:-32C,N:-33G,N:T141I,ORF1a:A181T,ORF1a:F263L,ORF1a:P1541S,ORF1a:D2032H,ORF1a:-2083N,ORF1a:I2084L,ORF1a:S2960F,ORF1a:R2991K,ORF1a:L3210F,ORF1a:-3674F,ORF1a:-3675T,ORF1a:-3676S,ORF1a:T3791I,ORF1a:A4254V,ORF1a:T4354K,ORF1b:P1097T,ORF1b:A1316V,ORF1b:S1658Y,ORF1b:M2462I,ORF9b:-27V,ORF9b:-28N,ORF9b:-29A,S:-69H,S:-70V,S:-142G,S:-143V,S:-144L,S:-211M,S:I212L,S:R346K,S:S691F",,NODE_0000690,"G806A,T1052C,C2470T,C4886T,G6359C,T6379C,-6513A,C9144T,G9237A,C9893T,-11287T,-11288A,-11291A,C11637T,C13026T,C13326A,C16756A,C17414T,C18440A,G20853T,-21766C,-21993T,-21994G,-21995G,-22194T,-22195G,C22388T,C23634T,T28238A,-28363T,-28367T,-28370G,C28695T",,"N:-31E,N:-32C,N:-33G,N:T141I,ORF1a:A181T,ORF1a:F263L,ORF1a:P1541S,ORF1a:D2032H,ORF1a:-2083N,ORF1a:I2084L,ORF1a:S2960F,ORF1a:R2991K,ORF1a:L3210F,ORF1a:-3674F,ORF1a:-3675T,ORF1a:-3676S,ORF1a:T3791I,ORF1a:A4254V,ORF1a:T4354K,ORF1b:P1097T,ORF1b:A1316V,ORF1b:S1658Y,ORF1b:M2462I,ORF9b:-27V,ORF9b:-28N,ORF9b:-29A,S:-69H,S:-70V,S:-142G,S:-143V,S:-144L,S:-211M,S:I212L,S:S691F",,N/A,N/A,N/A,N/A,N/A,N/A,N/A,N/A,N/A,N/A,,NA,3000,0,good,0,10,0,good,0,24,24,100,bad,32,,0,good,0,NA,0,,0,0,good,NA,0,0,good,0,NA,NA,NA,NA,PZ_B,M,69,Yes,Yes,41,No,0,NA,NA,NA,invasive mechanical ventilation,15-34,range,,Immunocompromised,5/2/22,Yes,Hematologic malignancy and Diabetes mellitus type 2 and Obesity and Thyroiditis,Italy,Catanzaro ,Nasopharyngeal swab,"Acute Respiratory Failure, Acute Respiratory Distress Syndrome, virus‚Äêinduced septic shock or multiple organ dysfunction ",Symptomatic,3,Pavia_2024,69,60-69,NA
PP232078,21K,21K (BA.1),Omicron,21K,BA.1.1,BA.1.1,1667.361111,bad,112,0,0,0,0,0,87,0,0,0,89003,26,29842,0.997124034,FALSE,"C44T,C241T,A349G,T670G,G806A,C1627T,C2790T,C3037T,G3259T,A4032G,G4184A,C4886T,G4904A,T5386G,G6359C,T6379C,T7122A,T7144C,C7528T,G8393A,G9237A,C9344T,G9554A,T9557C,C9893T,G9921C,G9928A,C10029T,C10449A,G10523C,G11287T,T11288A,G11291T,T11296G,A11537G,C11637T,G12602A,C13026T,A13066T,T13195C,C13225T,C14408T,G15268A,C15714T,C15744T,C16616T,C16756A,A17236C,A17238T,C17642T,A18163G,C18440A,A20055G,A21096T,C21762T,A21766C,T21823A,A21993T,T21994G,T21995G,A22194T,T22195G,G22578A,G22599A,T22673C,C22674T,T22679C,C22686T,G22813T,T22882G,G22898A,G22992A,C22995A,A23013C,A23040G,G23048A,A23055G,A23063T,T23074C,T23075C,C23202A,A23403G,C23525T,T23599G,C23604A,C23854A,G23948T,C24130A,A24424T,T24469A,G24476C,C25000T,C25584T,G25641T,C26270T,A26530G,C26577G,G26709A,A27259C,C27807T,T28238A,A28271T,C28311T,A28353G,A28363T,C28367T,A28370G,T28510C,C28695T,G28881A,G28882A,G28883C",,,,"E:T9I,M:D3G,M:Q19E,M:A63T,N:P13L,N:N27S,N:R32C,N:S33G,N:T141I,N:R203K,N:G204R,ORF1a:S135R,ORF1a:A181T,ORF1a:T842I,ORF1a:Q998H,ORF1a:Y1256C,ORF1a:G1307S,ORF1a:P1541S,ORF1a:D1547N,ORF1a:D2032H,ORF1a:I2286K,ORF1a:A2710T,ORF1a:R2991K,ORF1a:L3027F,ORF1a:V3097I,ORF1a:Y3098H,ORF1a:L3210F,ORF1a:G3219A,ORF1a:M3221I,ORF1a:T3255I,ORF1a:P3395H,ORF1a:V3420L,ORF1a:L3674F,ORF1a:S3675T,ORF1a:G3676C,ORF1a:F3677L,ORF1a:I3758V,ORF1a:T3791I,ORF1a:E4113K,ORF1a:A4254V,ORF1a:L4267F,ORF1b:P314L,ORF1b:E601K,ORF1b:T1050I,ORF1b:P1097T,ORF1b:I1257L,ORF1b:A1392V,ORF1b:I1566V,ORF1b:S1658Y,ORF1b:K2543N,ORF3a:L83F,ORF9b:P10S,ORF9b:T24A,ORF9b:E27V,ORF9b:V76A,S:A67V,S:N87K,S:Y144L,S:Y145D,S:N211M,S:G339D,S:R346K,S:S371L,S:S373P,S:S375F,S:K417N,S:N440K,S:G446S,S:S477N,S:T478K,S:E484A,S:Q493R,S:G496S,S:Q498R,S:N501Y,S:Y505H,S:T547K,S:D614G,S:H655Y,S:N679K,S:P681H,S:N764K,S:D796Y,S:N856K,S:Q954H,S:N969K,S:A972P",,,"G2832A,T15240C,T21846C,T24503C","T670G|21L&22B&22E&23A&22C&24A&22A&23F&23D&23B&22D&22F&24E&23C&rec&24C&23E&23H&24B&23I&24G&23G&24F&24D&24H&24I,C1627T|22B&rec,C2790T|21L&22B&22E&23A&22C&24A&22A&23F&23D&23B&22D&22F&24E&23C&rec&23E&24C&23H&24B&23I&24G&23G&24F&24D&24H&24I,G4184A|21L&22B&22E&23A&22C&24A&22A&23F&23D&23B&22D&22F&24E&23C&24C&23E&rec&23H&24B&23I&24G&23G&24F&24D&24H&24I,C9344T|21L&22B&22E&23A&22C&24A&22A&23F&23D&23B&22D&22F&24E&23C&24C&23E&rec&23H&24B&23I&24G&23G&24F&24D&24H&24I,C15714T|21L&22B&22E&23A&22C&24A&22A&23F&23D&23B&22D&22F&24E&23C&rec&23E&24C&23H&24B&23I&24G&23G&24F&24D&24H&24I,A20055G|21L&22B&22E&23A&22C&24A&22A&23F&23D&23B&22D&22F&24E&23C&rec&24C&23E&23H&24B&23I&24G&23G&24F&24D&24H&24I","C44T,A349G,G806A,G3259T,A4032G,C4886T,G4904A,G6359C,T6379C,T7122A,T7144C,C7528T,G9237A,G9554A,T9557C,C9893T,G9921C,G9928A,G10523C,-11287T,-11288A,-11291T,T11296G,C11637T,G12602A,C13026T,A13066T,C13225T,G15268A,C15744T,C16616T,C16756A,A17236C,A17238T,C17642T,C18440A,A21096T,-21766C,T21823A,-21993T,-21994G,-21995G,-22194T,-22195G,T23074C,G24476C,G25641T,T28238A,A28353G,-28363T,-28367T,-28370G,T28510C,C28695T",4,7,54,65,,NODE_0000682,"C44T,A349G,T670G,G806A,C1627T,C2790T,G2832A,G3259T,A4032G,G4184A,C4886T,G4904A,G6359C,T6379C,T7122A,T7144C,C7528T,G9237A,C9344T,G9554A,T9557C,C9893T,G9921C,G9928A,G10523C,-11287T,-11288A,-11291T,T11296G,C11637T,G12602A,C13026T,A13066T,C13225T,T15240C,G15268A,C15714T,C15744T,C16616T,C16756A,A17236C,A17238T,C17642T,C18440A,A20055G,A21096T,-21766C,T21823A,T21846C,-21993T,-21994G,-21995G,-22194T,-22195G,G22599A,T23074C,G24476C,T24503C,G25641T,T28238A,A28353G,-28363T,-28367T,-28370G,T28510C,C28695T",,"N:N27S,N:-31E,N:-32C,N:-33G,N:T141I,ORF1a:S135R,ORF1a:A181T,ORF1a:T842I,ORF1a:R856K,ORF1a:Q998H,ORF1a:Y1256C,ORF1a:G1307S,ORF1a:P1541S,ORF1a:D1547N,ORF1a:D2032H,ORF1a:-2083S,ORF1a:I2084L,ORF1a:I2286K,ORF1a:R2991K,ORF1a:L3027F,ORF1a:V3097I,ORF1a:Y3098H,ORF1a:L3210F,ORF1a:G3219A,ORF1a:M3221I,ORF1a:V3420L,ORF1a:-3674F,ORF1a:-3675T,ORF1a:-3676C,ORF1a:F3677L,ORF1a:T3791I,ORF1a:E4113K,ORF1a:A4254V,ORF1a:L4267F,ORF1b:E601K,ORF1b:T1050I,ORF1b:P1097T,ORF1b:I1257L,ORF1b:A1392V,ORF1b:S1658Y,ORF1b:K2543N,ORF3a:L83F,ORF9b:T24A,ORF9b:-27V,ORF9b:-28N,ORF9b:-29A,ORF9b:V76A,S:-69H,S:-70V,S:N87K,S:I95T,S:-142G,S:-143V,S:-144L,S:-211M,S:I212L,S:R346K,S:A972P,S:F981L",,NODE_0000690,"C44T,A349G,T670G,G806A,C1627T,C2790T,G2832A,G3259T,A4032G,G4184A,C4886T,G4904A,G6359C,T6379C,T7122A,T7144C,C7528T,G9237A,C9344T,G9554A,T9557C,C9893T,G9921C,G9928A,G10523C,-11287T,-11288A,-11291T,T11296G,C11637T,G12602A,C13026T,A13066T,C13225T,T15240C,G15268A,C15714T,C15744T,C16616T,C16756A,A17236C,A17238T,C17642T,C18440A,A20055G,A21096T,-21766C,T21823A,T21846C,-21993T,-21994G,-21995G,-22194T,-22195G,T23074C,G24476C,T24503C,G25641T,T28238A,A28353G,-28363T,-28367T,-28370G,T28510C,C28695T",,"N:N27S,N:-31E,N:-32C,N:-33G,N:T141I,ORF1a:S135R,ORF1a:A181T,ORF1a:T842I,ORF1a:R856K,ORF1a:Q998H,ORF1a:Y1256C,ORF1a:G1307S,ORF1a:P1541S,ORF1a:D1547N,ORF1a:D2032H,ORF1a:-2083S,ORF1a:I2084L,ORF1a:I2286K,ORF1a:R2991K,ORF1a:L3027F,ORF1a:V3097I,ORF1a:Y3098H,ORF1a:L3210F,ORF1a:G3219A,ORF1a:M3221I,ORF1a:V3420L,ORF1a:-3674F,ORF1a:-3675T,ORF1a:-3676C,ORF1a:F3677L,ORF1a:T3791I,ORF1a:E4113K,ORF1a:A4254V,ORF1a:L4267F,ORF1b:E601K,ORF1b:T1050I,ORF1b:P1097T,ORF1b:I1257L,ORF1b:A1392V,ORF1b:S1658Y,ORF1b:K2543N,ORF3a:L83F,ORF9b:T24A,ORF9b:-27V,ORF9b:-28N,ORF9b:-29A,ORF9b:V76A,S:-69H,S:-70V,S:N87K,S:I95T,S:-142G,S:-143V,S:-144L,S:-211M,S:I212L,S:A972P,S:F981L",,N/A,N/A,N/A,N/A,N/A,N/A,N/A,N/A,N/A,N/A,,NA,3000,0,good,0,10,0,good,0,24,98,408.333333,bad,106,,0,good,0,NA,0,,0,0,good,NA,0,0,good,0,NA,NA,NA,NA,PZ_B,M,69,Yes,Yes,56,No,0,NA,NA,NA,invasive mechanical ventilation,15-34,range,,Immunocompromised,5/17/22,Yes,Hematologic malignancy and Diabetes mellitus type 2 and Obesity and Thyroiditis,Italy,Catanzaro ,Nasopharyngeal swab,"Acute Respiratory Failure, Acute Respiratory Distress Syndrome, virus‚Äêinduced septic shock or multiple organ dysfunction ",Symptomatic,3,Pavia_2024,69,60-69,NA
PP232079,22B,22B (BA.5),Omicron,22B,BA.5.2.9,BA.5.2.9,109.027778,bad,99,0,0,0,0,0,60,0,0,0,89055,26,29842,0.997124034,FALSE,"C44T,C241T,C601T,T670G,C1627T,C2790T,C3037T,G4184A,C4321T,C9344T,A9424G,C9534T,C10029T,C10198T,C10369T,G10447A,C10449A,T11288A,G11291A,T11296G,G12160A,G12310A,C12880T,C14408T,A15002G,C15714T,C17410T,A18163G,C19955T,A20055G,C21618T,T21633C,C21635T,C21636A,C21638A,C21639A,G21641A,A21766C,G21987A,T22200G,G22578A,C22674T,T22679C,C22686T,A22688G,G22775A,A22786C,G22813T,T22882G,T22917G,G22992A,C22995A,A23013C,T23018G,A23055G,A23063T,T23075C,A23403G,C23525T,T23599G,C23604A,C23854A,G23948T,C24374T,A24424T,T24469A,C25000T,C25584T,C26060T,C26270T,G26529A,C26577G,G26709A,C27807T,C27889T,T27957G,T27958C,A28271T,C28311T,A28330G,G28881A,G28882A,G28883C,A29510C,A29544G,T29577C,G29734T,G29736A,G29737A,C29739A,C29741T,T29748A,A29749G,G29751T,A29752G,T29753C,G29755T,A29756C,G29757C",,,,"E:T9I,M:D3N,M:Q19E,M:A63T,N:P13L,N:R203K,N:G204R,N:S413R,ORF1a:S135R,ORF1a:T842I,ORF1a:G1307S,ORF1a:L3027F,ORF1a:T3090I,ORF1a:T3255I,ORF1a:P3395H,ORF1a:S3675T,ORF1a:G3676S,ORF1a:F3677L,ORF1b:P314L,ORF1b:Y512C,ORF1b:R1315C,ORF1b:I1566V,ORF1b:T2163I,ORF3a:T223I,ORF8:L22A,ORF9b:P10S,ORF9b:D16G,S:T19I,S:L24S,S:P25Y,S:P26N,S:A27T,S:G142D,S:V213G,S:G339D,S:S371F,S:S373P,S:S375F,S:T376A,S:D405N,S:R408S,S:K417N,S:N440K,S:L452R,S:S477N,S:T478K,S:E484A,S:F486V,S:Q498R,S:N501Y,S:Y505H,S:D614G,S:H655Y,S:N679K,S:P681H,S:N764K,S:D796Y,S:L938F,S:Q954H,S:N969K",,,,,"C44T,C601T,-11288A,-11291A,-11296G,-21633C,-21635T,-21636A,-21638A,-21639A,-21641A,-21766C,C24374T,T27957G,T27958C,A29544G,T29577C,-29734T,-29736A,-29737A,-29739A,-29741T,-29748A,-29749G,-29751T,-29752G,-29753C,-29755T,-29756C,-29757C",0,0,30,30,,NODE_0000846,"C44T,C601T,C1627T,C10369T,-11288A,-11291A,-11296G,G12310A,A15002G,-21633C,-21635T,-21636A,-21638A,-21639A,-21641A,-21766C,C24374T,T27957G,T27958C,A28330G,A29544G,T29577C,-29734T,-29736A,-29737A,-29739A,-29741T,-29748A,-29749G,-29751T,-29752G,-29753C,-29755T,-29756C,-29757C",,"N:-31E,N:-32R,N:-33S,ORF1a:-3675T,ORF1a:-3676S,ORF1a:-3677L,ORF1b:Y512C,ORF8:L22A,ORF9b:D16G,ORF9b:-27E,ORF9b:-28N,ORF9b:-29A,S:-24S,S:-25Y,S:-26N,S:S27T,S:-69H,S:-70V,S:L938F",,BA.5.2.9,"C44T,C601T,-11288A,-11291A,-11296G,-21633C,-21635T,-21636A,-21638A,-21639A,-21641A,-21766C,C24374T,T27957G,T27958C,A29544G,T29577C,-29734T,-29736A,-29737A,-29739A,-29741T,-29748A,-29749G,-29751T,-29752G,-29753C,-29755T,-29756C,-29757C",,"N:-31E,N:-32R,N:-33S,ORF1a:-3675T,ORF1a:-3676S,ORF1a:-3677L,ORF8:L22A,ORF9b:-27E,ORF9b:-28N,ORF9b:-29A,S:-24S,S:-25Y,S:-26N,S:S27T,S:-69H,S:-70V,S:L938F",,N/A,N/A,N/A,N/A,N/A,N/A,N/A,N/A,N/A,N/A,,NA,3000,0,good,0,10,0,good,0,24,22,91.666667,mediocre,30,29734-29756:13,50,mediocre,13,NA,0,,0,0,good,NA,0,0,good,0,NA,NA,NA,NA,PZ_C,F,77,Yes,Yes,15,No,0,NA,Remdesiver,NA,invasive mechanical ventilation,15-34,range,,Immunocompromised,11/15/22,Yes,Hematologic malignancy and Diabetes mellitus type 2 and Obesity and Thyroiditis,Italy,Catanzaro ,Nasopharyngeal swab,"Acute Respiratory Failure, Acute Respiratory Distress Syndrome, virus‚Äêinduced septic shock or multiple organ dysfunction ",Symptomatic,4,Pavia_2024,77,70-79,antivirals
PP232080,22B,22B (BA.5),Omicron,22B,BA.5.2.9,BA.5.2.9,81.25,mediocre,95,0,0,0,0,0,60,0,0,0,89071,26,29842,0.997124034,FALSE,"C241T,C601T,T670G,C1627T,C2790T,C3037T,G4184A,C4321T,C9344T,A9424G,C9534T,C10029T,C10198T,C10369T,G10447A,C10449A,T11288A,G11291A,T11296G,G12160A,G12310A,C12880T,C14408T,A15002G,C15714T,C17410T,A18163G,C19955T,A20055G,C21618T,T21633C,C21636A,C21637A,G21641C,A21766C,G21987A,T22200G,G22578A,C22674T,T22679C,C22686T,A22688G,G22775A,A22786C,G22813T,T22882G,T22917G,G22992A,C22995A,A23013C,T23018G,A23055G,A23063T,T23075C,A23403G,C23525T,T23599G,C23604A,C23854A,G23948T,C24374T,A24424T,T24469A,C25000T,C25584T,C26060T,C26270T,G26529A,C26577G,G26709A,C27434A,C27807T,C27889T,A27949C,A28271T,C28311T,A28330G,G28881A,G28882A,G28883C,A29510C,A29544G,T29577C,G29734T,G29736A,G29737A,C29739A,C29741T,T29748A,A29749G,G29751T,A29752G,T29753C,G29755T,G29757C",,,,"E:T9I,M:D3N,M:Q19E,M:A63T,N:P13L,N:R203K,N:G204R,N:S413R,ORF1a:S135R,ORF1a:T842I,ORF1a:G1307S,ORF1a:L3027F,ORF1a:T3090I,ORF1a:T3255I,ORF1a:P3395H,ORF1a:S3675T,ORF1a:G3676S,ORF1a:F3677L,ORF1b:P314L,ORF1b:Y512C,ORF1b:R1315C,ORF1b:I1566V,ORF1b:T2163I,ORF3a:T223I,ORF7a:T14N,ORF8:E19A,ORF9b:P10S,ORF9b:D16G,S:T19I,S:L24S,S:P25Q,S:A27P,S:G142D,S:V213G,S:G339D,S:S371F,S:S373P,S:S375F,S:T376A,S:D405N,S:R408S,S:K417N,S:N440K,S:L452R,S:S477N,S:T478K,S:E484A,S:F486V,S:Q498R,S:N501Y,S:Y505H,S:D614G,S:H655Y,S:N679K,S:P681H,S:N764K,S:D796Y,S:L938F,S:Q954H,S:N969K",,,,,"C601T,-11288A,-11291A,-11296G,-21633C,-21636A,-21637A,-21641C,-21766C,C24374T,C27434A,A27949C,A29544G,T29577C,-29734T,-29736A,-29737A,-29739A,-29741T,-29748A,-29749G,-29751T,-29752G,-29753C,-29755T,-29757C",0,0,26,26,,NODE_0000846,"C601T,C1627T,C10369T,-11288A,-11291A,-11296G,G12310A,A15002G,-21633C,-21636A,-21637A,-21641C,-21766C,C24374T,C27434A,A27949C,A28330G,A29544G,T29577C,-29734T,-29736A,-29737A,-29739A,-29741T,-29748A,-29749G,-29751T,-29752G,-29753C,-29755T,-29757C",,"N:-31E,N:-32R,N:-33S,ORF1a:-3675T,ORF1a:-3676S,ORF1a:-3677L,ORF1b:Y512C,ORF7a:T14N,ORF8:E19A,ORF9b:D16G,ORF9b:-27E,ORF9b:-28N,ORF9b:-29A,S:-24S,S:-25Q,S:-26P,S:S27P,S:-69H,S:-70V,S:L938F",,BA.5.2.9,"C601T,-11288A,-11291A,-11296G,-21633C,-21636A,-21637A,-21641C,-21766C,C24374T,C27434A,A27949C,A29544G,T29577C,-29734T,-29736A,-29737A,-29739A,-29741T,-29748A,-29749G,-29751T,-29752G,-29753C,-29755T,-29757C",,"N:-31E,N:-32R,N:-33S,ORF1a:-3675T,ORF1a:-3676S,ORF1a:-3677L,ORF7a:T14N,ORF8:E19A,ORF9b:-27E,ORF9b:-28N,ORF9b:-29A,S:-24S,S:-25Q,S:-26P,S:S27P,S:-69H,S:-70V,S:L938F",,N/A,N/A,N/A,N/A,N/A,N/A,N/A,N/A,N/A,N/A,,NA,3000,0,good,0,10,0,good,0,24,18,75,mediocre,26,29734-29756:12,50,mediocre,12,NA,0,,0,0,good,NA,0,0,good,0,NA,NA,NA,NA,PZ_C,F,77,Yes,Yes,28,No,0,NA,Remdesiver,NA,invasive mechanical ventilation,15-34,range,,Immunocompromised,11/28/22,Yes,Hematologic malignancy and Diabetes mellitus type 2 and Obesity and Thyroiditis,Italy,Catanzaro ,Nasopharyngeal swab,"Acute Respiratory Failure, Acute Respiratory Distress Syndrome, virus‚Äêinduced septic shock or multiple organ dysfunction ",Symptomatic,4,Pavia_2024,77,70-79,antivirals
PP232081,22B,22B (BA.5),Omicron,22B,BA.5.1.10,BA.5.1.10,181.25,bad,100,0,0,0,0,0,64,0,0,0,89051,26,29842,0.997124034,FALSE,"C44T,C241T,T670G,C2790T,C3037T,G4184A,C4321T,C5784T,C9344T,A9424G,C9534T,C10029T,C10198T,G10447A,C10449A,T11288A,G11291A,T11296G,A11781G,G12160A,C12880T,C13665T,C14408T,C15714T,C16376T,C17410T,A18163G,C19955T,A20055G,C21618T,C21636A,C21638A,G21641T,A21766C,G21987A,C22187T,C22188T,T22200G,G22578A,G22599C,C22674T,T22679C,C22686T,A22688G,G22775A,A22786C,G22813T,T22882G,T22917G,G22992A,C22995A,A23013C,T23018G,A23055G,A23063T,T23075C,A23403G,C23525T,T23599G,C23604A,C23854A,G23948T,A24424T,T24469A,C25000T,C25584T,C26060T,C26270T,G26529A,C26577G,G26709A,T27438C,C27807T,C27889T,A28271T,C28311T,C28312T,A28363T,C28367T,C28462T,G28881A,G28882A,G28883C,G28986T,C29095T,A29510C,C29666T,G29734T,G29736A,G29737A,C29739A,C29741T,T29748A,A29749G,G29751T,A29752G,T29753C,G29755T,G29757C,G29759C",,,,"E:T9I,M:D3N,M:Q19E,M:A63T,N:P13L,N:R32C,N:R203K,N:G204R,N:G238V,N:S413R,ORF1a:S135R,ORF1a:T842I,ORF1a:G1307S,ORF1a:T1840I,ORF1a:L3027F,ORF1a:T3090I,ORF1a:T3255I,ORF1a:P3395H,ORF1a:S3675T,ORF1a:G3676S,ORF1a:F3677L,ORF1a:K3839R,ORF1b:P314L,ORF1b:P970L,ORF1b:R1315C,ORF1b:I1566V,ORF1b:T2163I,ORF3a:T223I,ORF9b:P10F,ORF9b:E27V,ORF9b:T60I,S:T19I,S:P25H,S:P26T,S:A27S,S:G142D,S:P209F,S:V213G,S:G339D,S:R346T,S:S371F,S:S373P,S:S375F,S:T376A,S:D405N,S:R408S,S:K417N,S:N440K,S:L452R,S:S477N,S:T478K,S:E484A,S:F486V,S:Q498R,S:N501Y,S:Y505H,S:D614G,S:H655Y,S:N679K,S:P681H,S:N764K,S:D796Y,S:Q954H,S:N969K",,,,"G22599C|23A&22E&23F&23D&23B&22D&22F&22A&23C&23E&23H&24B&rec&24G&23G&24H&24I,C28312T|22E","C44T,C5784T,-11288A,-11291A,-11296G,C13665T,C16376T,-21636A,-21638A,-21641T,-21766C,C22187T,C22188T,-28363T,-28367T,G28986T,C29095T,-29734T,-29736A,-29737A,-29739A,-29741T,-29748A,-29749G,-29751T,-29752G,-29753C,-29755T,-29757C,-29759C",0,2,30,32,,NODE_0000846,"C44T,C5784T,-11288A,-11291A,-11296G,A11781G,C13665T,C16376T,-21636A,-21638A,-21641T,-21766C,C22187T,C22188T,G22599C,T27438C,C28312T,-28363T,-28367T,C28462T,G28986T,C29095T,C29666T,-29734T,-29736A,-29737A,-29739A,-29741T,-29748A,-29749G,-29751T,-29752G,-29753C,-29755T,-29757C,-29759C",,"N:-31E,N:-32C,N:-33S,N:G238V,ORF1a:T1840I,ORF1a:-3675T,ORF1a:-3676S,ORF1a:-3677L,ORF1a:K3839R,ORF1b:P970L,ORF9b:S10F,ORF9b:-27V,ORF9b:-28N,ORF9b:-29A,ORF9b:T60I,S:-24L,S:-25H,S:-26T,S:-69H,S:-70V,S:P209F,S:R346T",,NODE_0000856,"C44T,C5784T,-11288A,-11291A,-11296G,C13665T,C16376T,-21636A,-21638A,-21641T,-21766C,C22187T,C22188T,G22599C,C28312T,-28363T,-28367T,G28986T,C29095T,-29734T,-29736A,-29737A,-29739A,-29741T,-29748A,-29749G,-29751T,-29752G,-29753C,-29755T,-29757C,-29759C",,"N:-31E,N:-32C,N:-33S,N:G238V,ORF1a:T1840I,ORF1a:-3675T,ORF1a:-3676S,ORF1a:-3677L,ORF1b:P970L,ORF9b:S10F,ORF9b:-27V,ORF9b:-28N,ORF9b:-29A,S:-24L,S:-25H,S:-26T,S:-69H,S:-70V,S:P209F,S:R346T",,N/A,N/A,N/A,N/A,N/A,N/A,N/A,N/A,N/A,N/A,,NA,3000,0,good,0,10,0,good,0,24,30,125,bad,38,29734-29758:13,50,mediocre,13,NA,0,,0,0,good,NA,0,0,good,0,NA,NA,NA,NA,PZ_D,F,62,Yes,Yes,26,Yes,3,TCZ‚Äâ+‚ÄâTIX/CIL‚Äâ,Remdesiver,Anti-CD20 mAbs + IVIG,invasive mechanical ventilation and Extracorporeal Membrane Oxygenation,15-34,range,,Immunocompromised,10/5/22,Yes,Hematologic malignancy and Cardiovascular disease,Italy,Catanzaro ,Nasopharyngeal swab,"Acute Respiratory Failure, Acute Respiratory Distress Syndrome, virus‚Äêinduced septic shock or multiple organ dysfunction ",Symptomatic,2,Pavia_2024,62,60-69,monoclonal_ab+antivirals+biological_therapy
PP232082,22B,22B (BA.5),Omicron,22B,BA.5.1.10,BA.5.1.10,250,bad,99,0,0,0,0,0,63,0,0,0,89055,26,29842,0.997124034,FALSE,"C44T,T670G,C2790T,C3037T,G4184A,C4321T,C5784T,C9344T,A9424G,C9534T,C10029T,C10198T,G10447A,C10449A,T11288A,G11291A,T11296G,A11781G,G12160A,C12880T,C13665T,C14408T,C15714T,C16376T,C17410T,A18163G,C19955T,A20055G,C21618T,T21633C,C21635T,C21636A,C21638A,C21639A,G21641T,A21766C,G21987A,C22188T,T22200G,G22578A,G22599C,C22674T,T22679C,C22686T,A22688G,G22775A,A22786C,G22813T,T22882G,T22917G,G22992A,C22995A,A23013C,T23018G,A23055G,A23063T,T23075C,A23403G,C23525T,T23599G,C23604A,C23854A,G23948T,A24424T,T24469A,C25000T,C25584T,C26060T,C26270T,G26529A,C26577G,G26709A,T27438C,C27807T,C27889T,A28271T,C28311T,C28312T,C28462T,G28881A,G28882A,G28883C,G28986T,C29095T,A29510C,C29666T,G29734T,G29737A,C29739A,C29741T,T29748A,A29749G,G29751T,A29752G,T29753C,G29755T,A29756C,G29757C,G29759C",,,,"E:T9I,M:D3N,M:Q19E,M:A63T,N:P13L,N:R203K,N:G204R,N:G238V,N:S413R,ORF1a:S135R,ORF1a:T842I,ORF1a:G1307S,ORF1a:T1840I,ORF1a:L3027F,ORF1a:T3090I,ORF1a:T3255I,ORF1a:P3395H,ORF1a:S3675T,ORF1a:G3676S,ORF1a:F3677L,ORF1a:K3839R,ORF1b:P314L,ORF1b:P970L,ORF1b:R1315C,ORF1b:I1566V,ORF1b:T2163I,ORF3a:T223I,ORF9b:P10F,ORF9b:T60I,S:T19I,S:L24S,S:P25Y,S:P26N,S:A27S,S:G142D,S:P209L,S:V213G,S:G339D,S:R346T,S:S371F,S:S373P,S:S375F,S:T376A,S:D405N,S:R408S,S:K417N,S:N440K,S:L452R,S:S477N,S:T478K,S:E484A,S:F486V,S:Q498R,S:N501Y,S:Y505H,S:D614G,S:H655Y,S:N679K,S:P681H,S:N764K,S:D796Y,S:Q954H,S:N969K",,,T241C,"G22599C|23A&22E&23F&23D&23B&22D&22F&22A&23C&23E&23H&24B&rec&24G&23G&24H&24I,C28312T|22E","C44T,C5784T,-11288A,-11291A,-11296G,C13665T,C16376T,-21633C,-21635T,-21636A,-21638A,-21639A,-21641T,-21766C,C22188T,G28986T,C29095T,-29734T,-29737A,-29739A,-29741T,-29748A,-29749G,-29751T,-29752G,-29753C,-29755T,-29756C,-29757C,-29759C",1,2,30,33,,NODE_0000846,"C44T,T241C,C5784T,-11288A,-11291A,-11296G,A11781G,C13665T,C16376T,-21633C,-21635T,-21636A,-21638A,-21639A,-21641T,-21766C,C22188T,G22599C,T27438C,C28312T,C28462T,G28986T,C29095T,C29666T,-29734T,-29737A,-29739A,-29741T,-29748A,-29749G,-29751T,-29752G,-29753C,-29755T,-29756C,-29757C,-29759C",,"N:-31E,N:-32R,N:-33S,N:G238V,ORF1a:T1840I,ORF1a:-3675T,ORF1a:-3676S,ORF1a:-3677L,ORF1a:K3839R,ORF1b:P970L,ORF9b:S10F,ORF9b:-27E,ORF9b:-28N,ORF9b:-29A,ORF9b:T60I,S:-24S,S:-25Y,S:-26N,S:-69H,S:-70V,S:P209L,S:R346T",,NODE_0000856,"C44T,T241C,C5784T,-11288A,-11291A,-11296G,C13665T,C16376T,-21633C,-21635T,-21636A,-21638A,-21639A,-21641T,-21766C,C22188T,G22599C,C28312T,G28986T,C29095T,-29734T,-29737A,-29739A,-29741T,-29748A,-29749G,-29751T,-29752G,-29753C,-29755T,-29756C,-29757C,-29759C",,"N:-31E,N:-32R,N:-33S,N:G238V,ORF1a:T1840I,ORF1a:-3675T,ORF1a:-3676S,ORF1a:-3677L,ORF1b:P970L,ORF9b:S10F,ORF9b:-27E,ORF9b:-28N,ORF9b:-29A,S:-24S,S:-25Y,S:-26N,S:-69H,S:-70V,S:P209L,S:R346T",,N/A,N/A,N/A,N/A,N/A,N/A,N/A,N/A,N/A,N/A,,NA,3000,0,good,0,10,0,good,0,24,36,150,bad,44,29734-29758:13,50,mediocre,13,NA,0,,0,0,good,NA,0,0,good,0,NA,NA,NA,NA,PZ_D,F,62,Yes,Yes,39,Yes,3,TCZ‚Äâ+‚ÄâTIX/CIL‚Äâ,Remdesiver,Anti-CD20 mAbs+ IVIG,invasive mechanical ventilation and Extracorporeal Membrane Oxygenation,15-34,range,,Immunocompromised,10/18/22,Yes,Hematologic malignancy and Cardiovascular disease,Italy,Catanzaro ,Nasopharyngeal swab,"Acute Respiratory Failure, Acute Respiratory Distress Syndrome, virus‚Äêinduced septic shock or multiple organ dysfunction ",Symptomatic,2,Pavia_2024,62,60-69,monoclonal_ab+antivirals+biological_therapy
PP232083,22B,22B (BA.5),Omicron,22B,BA.5.1.10,BA.5.1.10,181.25,bad,100,0,0,0,0,0,65,0,0,0,89051,26,29842,0.997124034,FALSE,"C44T,C241T,T670G,C2790T,C3037T,G4184A,C4321T,C5784T,C9344T,A9424G,C9534T,C10029T,C10198T,G10447A,C10449A,T11288A,G11291A,T11296G,A11781G,G12160A,C12880T,C13665T,C14408T,C15714T,C16376T,C17410T,A18163G,C19955T,A20055G,C21618T,C21636A,C21638A,C21639A,G21641C,A21766C,G21987A,C22188T,T22200G,G22578A,G22599C,C22674T,T22679C,C22686T,A22688G,G22775A,A22786C,G22813T,T22882G,T22917G,G22992A,C22995A,A23013C,T23018G,A23055G,A23063T,T23075C,A23403G,C23525T,T23599G,C23604A,C23854A,G23948T,A24424T,T24469A,C25000T,C25584T,C26060T,C26270T,G26529A,C26577G,G26709A,T27438C,C27807T,C27889T,A28271T,C28311T,C28312T,A28363T,C28367T,A28370G,C28462T,G28881A,G28882A,G28883C,G28986T,C29095T,A29510C,C29666T,G29734T,G29736A,G29737A,C29739A,C29741T,T29748A,A29749G,G29751T,A29752G,T29753C,G29755T,T29758A",,,,"E:T9I,M:D3N,M:Q19E,M:A63T,N:P13L,N:R32C,N:S33G,N:R203K,N:G204R,N:G238V,N:S413R,ORF1a:S135R,ORF1a:T842I,ORF1a:G1307S,ORF1a:T1840I,ORF1a:L3027F,ORF1a:T3090I,ORF1a:T3255I,ORF1a:P3395H,ORF1a:S3675T,ORF1a:G3676S,ORF1a:F3677L,ORF1a:K3839R,ORF1b:P314L,ORF1b:P970L,ORF1b:R1315C,ORF1b:I1566V,ORF1b:T2163I,ORF3a:T223I,ORF9b:P10F,ORF9b:E27V,ORF9b:T60I,S:T19I,S:P25H,S:P26N,S:A27P,S:G142D,S:P209L,S:V213G,S:G339D,S:R346T,S:S371F,S:S373P,S:S375F,S:T376A,S:D405N,S:R408S,S:K417N,S:N440K,S:L452R,S:S477N,S:T478K,S:E484A,S:F486V,S:Q498R,S:N501Y,S:Y505H,S:D614G,S:H655Y,S:N679K,S:P681H,S:N764K,S:D796Y,S:Q954H,S:N969K",,,,"G22599C|23A&22E&23F&23D&23B&22D&22F&22A&23C&23E&23H&24B&rec&24G&23G&24H&24I,C28312T|22E","C44T,C5784T,-11288A,-11291A,-11296G,C13665T,C16376T,-21636A,-21638A,-21639A,-21641C,-21766C,C22188T,-28363T,-28367T,-28370G,G28986T,C29095T,-29734T,-29736A,-29737A,-29739A,-29741T,-29748A,-29749G,-29751T,-29752G,-29753C,-29755T,-29758A",0,2,30,32,,NODE_0000846,"C44T,C5784T,-11288A,-11291A,-11296G,A11781G,C13665T,C16376T,-21636A,-21638A,-21639A,-21641C,-21766C,C22188T,G22599C,T27438C,C28312T,-28363T,-28367T,-28370G,C28462T,G28986T,C29095T,C29666T,-29734T,-29736A,-29737A,-29739A,-29741T,-29748A,-29749G,-29751T,-29752G,-29753C,-29755T,-29758A",,"N:-31E,N:-32C,N:-33G,N:G238V,ORF1a:T1840I,ORF1a:-3675T,ORF1a:-3676S,ORF1a:-3677L,ORF1a:K3839R,ORF1b:P970L,ORF9b:S10F,ORF9b:-27V,ORF9b:-28N,ORF9b:-29A,ORF9b:T60I,S:-24L,S:-25H,S:-26N,S:S27P,S:-69H,S:-70V,S:P209L,S:R346T",,NODE_0000856,"C44T,C5784T,-11288A,-11291A,-11296G,C13665T,C16376T,-21636A,-21638A,-21639A,-21641C,-21766C,C22188T,G22599C,C28312T,-28363T,-28367T,-28370G,G28986T,C29095T,-29734T,-29736A,-29737A,-29739A,-29741T,-29748A,-29749G,-29751T,-29752G,-29753C,-29755T,-29758A",,"N:-31E,N:-32C,N:-33G,N:G238V,ORF1a:T1840I,ORF1a:-3675T,ORF1a:-3676S,ORF1a:-3677L,ORF1b:P970L,ORF9b:S10F,ORF9b:-27V,ORF9b:-28N,ORF9b:-29A,S:-24L,S:-25H,S:-26N,S:S27P,S:-69H,S:-70V,S:P209L,S:R346T",,N/A,N/A,N/A,N/A,N/A,N/A,N/A,N/A,N/A,N/A,,NA,3000,0,good,0,10,0,good,0,24,30,125,bad,38,29734-29757:12,50,mediocre,12,NA,0,,0,0,good,NA,0,0,good,0,NA,NA,NA,NA,PZ_D,F,62,Yes,Yes,52,Yes,3,TCZ‚Äâ+‚ÄâTIX/CIL‚Äâ,Remdesiver,Anti-CD20 mAbs+ IVIG,invasive mechanical ventilation and Extracorporeal Membrane Oxygenation,15-34,range,,Immunocompromised,11/2/22,Yes,Hematologic malignancy and Cardiovascular disease,Italy,Catanzaro ,Nasopharyngeal swab,"Acute Respiratory Failure, Acute Respiratory Distress Syndrome, virus‚Äêinduced septic shock or multiple organ dysfunction ",Symptomatic,2,Pavia_2024,62,60-69,monoclonal_ab+antivirals+biological_therapy
PP232084,22B,22B (BA.5),Omicron,22B,BA.5.1.10,BA.5.1.10,161.111111,bad,91,0,0,0,0,0,59,0,0,0,89087,26,29842,0.997124034,FALSE,"C44T,T670G,C2790T,C3037T,G4184A,C4321T,C5784T,C9344T,A9424G,C9534T,C10029T,C10198T,G10447A,C10449A,G11291A,T11296G,A11781G,G12160A,C12880T,C13665T,C14408T,C15714T,C16376T,C17410T,A18163G,C19955T,A20055G,C21618T,C21638A,C21639A,A21766C,G21987A,C22188T,T22200G,G22578A,G22599C,C22674T,T22679C,C22686T,A22688G,G22775A,A22786C,G22813T,T22882G,T22917G,G22992A,C22995A,A23013C,T23018G,A23055G,A23063T,T23075C,A23403G,C23525T,T23599G,C23604A,C23854A,G23948T,A24424T,T24469A,C25000T,C25584T,C26060T,C26270T,G26529A,C26577G,G26709A,T27438C,C27807T,C27889T,A28271T,C28311T,C28312T,C28462T,G28881A,G28882A,G28883C,G28986T,C29095T,A29510C,C29666T,G29734T,G29737A,C29739A,C29741T,T29748A,A29749G,G29751T,A29752G,T29753C,G29755T",,,,"E:T9I,M:D3N,M:Q19E,M:A63T,N:P13L,N:R203K,N:G204R,N:G238V,N:S413R,ORF1a:S135R,ORF1a:T842I,ORF1a:G1307S,ORF1a:T1840I,ORF1a:L3027F,ORF1a:T3090I,ORF1a:T3255I,ORF1a:P3395H,ORF1a:G3676S,ORF1a:F3677L,ORF1a:K3839R,ORF1b:P314L,ORF1b:P970L,ORF1b:R1315C,ORF1b:I1566V,ORF1b:T2163I,ORF3a:T223I,ORF9b:P10F,ORF9b:T60I,S:T19I,S:P26N,S:G142D,S:P209L,S:V213G,S:G339D,S:R346T,S:S371F,S:S373P,S:S375F,S:T376A,S:D405N,S:R408S,S:K417N,S:N440K,S:L452R,S:S477N,S:T478K,S:E484A,S:F486V,S:Q498R,S:N501Y,S:Y505H,S:D614G,S:H655Y,S:N679K,S:P681H,S:N764K,S:D796Y,S:Q954H,S:N969K",,,T241C,"G22599C|23A&22E&23F&23D&23B&22D&22F&22A&23C&23E&23H&24B&rec&24G&23G&24H&24I,C28312T|22E","C44T,C5784T,-11291A,-11296G,C13665T,C16376T,-21638A,-21639A,-21766C,C22188T,G28986T,C29095T,-29734T,-29737A,-29739A,-29741T,-29748A,-29749G,-29751T,-29752G,-29753C,-29755T",1,2,22,25,,NODE_0000846,"C44T,T241C,C5784T,-11291A,-11296G,A11781G,C13665T,C16376T,-21638A,-21639A,-21766C,C22188T,G22599C,T27438C,C28312T,C28462T,G28986T,C29095T,C29666T,-29734T,-29737A,-29739A,-29741T,-29748A,-29749G,-29751T,-29752G,-29753C,-29755T",,"N:-31E,N:-32R,N:-33S,N:G238V,ORF1a:T1840I,ORF1a:-3675S,ORF1a:-3676S,ORF1a:-3677L,ORF1a:K3839R,ORF1b:P970L,ORF9b:S10F,ORF9b:-27E,ORF9b:-28N,ORF9b:-29A,ORF9b:T60I,S:-24L,S:-25P,S:-26N,S:S27A,S:-69H,S:-70V,S:P209L,S:R346T",,NODE_0000856,"C44T,T241C,C5784T,-11291A,-11296G,C13665T,C16376T,-21638A,-21639A,-21766C,C22188T,G22599C,C28312T,G28986T,C29095T,-29734T,-29737A,-29739A,-29741T,-29748A,-29749G,-29751T,-29752G,-29753C,-29755T",,"N:-31E,N:-32R,N:-33S,N:G238V,ORF1a:T1840I,ORF1a:-3675S,ORF1a:-3676S,ORF1a:-3677L,ORF1b:P970L,ORF9b:S10F,ORF9b:-27E,ORF9b:-28N,ORF9b:-29A,S:-24L,S:-25P,S:-26N,S:S27A,S:-69H,S:-70V,S:P209L,S:R346T",,N/A,N/A,N/A,N/A,N/A,N/A,N/A,N/A,N/A,N/A,,NA,3000,0,good,0,10,0,good,0,24,28,116.666667,bad,36,29734-29754:10,50,mediocre,10,NA,0,,0,0,good,NA,0,0,good,0,NA,NA,NA,NA,PZ_D,F,62,Yes,Yes,64,Yes,3,TCZ‚Äâ+‚ÄâTIX/CIL‚Äâ,Remdesiver,Anti-CD20 mAbs+ IVIG,invasive mechanical ventilation and Extracorporeal Membrane Oxygenation,15-34,range,,Immunocompromised,11/9/22,Yes,Hematologic malignancy and Cardiovascular disease,Italy,Catanzaro ,Nasopharyngeal swab,"Acute Respiratory Failure, Acute Respiratory Distress Syndrome, virus‚Äêinduced septic shock or multiple organ dysfunction ",Symptomatic,2,Pavia_2024,62,60-69,monoclonal_ab+antivirals+biological_therapy
PP232085,22B,22B (BA.5),Omicron,22B,BA.5.2.1.7,BF.7,376.5625,bad,111,0,0,0,0,0,70,0,0,0,89007,26,29842,0.997124034,FALSE,"C44T,C241T,T670G,C1627T,T1937C,C2695T,C2790T,C3037T,G4184A,C4321T,C7528T,C9344T,A9424G,C9534T,A10028G,C10029T,C10198T,G10447A,C10449A,T11288A,G11291A,T11296G,C11750T,C12053T,G12160A,G12569T,C12880T,C14408T,C15714T,C16175A,C17410T,A18163G,C19955T,C19983T,A20055G,C21618T,T21633C,C21635T,C21636A,C21638A,C21639A,G21641T,A21766C,G21987A,T22200G,G22578A,G22599C,C22674T,T22679C,C22686T,A22688G,G22775A,A22786C,G22813T,T22882G,T22917G,G22992A,C22995A,A23013C,T23018G,A23055G,A23063T,T23075C,A23403G,A23484G,C23525T,T23599G,C23604A,C23854A,G23948T,A24424T,T24469A,C25000T,C25584T,C26060T,C26270T,G26529A,C26577G,G26709A,A27038G,C27612T,C27807T,C27889T,A28271T,C28311T,G28361T,G28362T,A28363G,A28365G,A28366G,A28370T,G28371T,G28798T,G28881A,G28882A,G28883C,A29510C,G29734T,G29736A,G29737A,C29739A,C29741T,T29748A,A29749G,G29751T,A29752G,T29753C,G29755T,A29756C,G29757C,G29759C",,,,"E:T9I,M:D3N,M:Q19E,M:A63T,N:P13L,N:G30L,N:E31G,N:S33F,N:R203K,N:G204R,N:S413R,ORF1a:S135R,ORF1a:S558P,ORF1a:T842I,ORF1a:G1307S,ORF1a:L3027F,ORF1a:T3090I,ORF1a:T3255V,ORF1a:P3395H,ORF1a:S3675T,ORF1a:G3676S,ORF1a:F3677L,ORF1a:L3829F,ORF1a:L3930F,ORF1a:V4102L,ORF1b:P314L,ORF1b:T903N,ORF1b:R1315C,ORF1b:I1566V,ORF1b:T2163I,ORF3a:T223I,ORF9b:P10S,ORF9b:M26I,ORF9b:E27W,ORF9b:N28G,ORF9b:V30L,S:T19I,S:L24S,S:P25Y,S:P26N,S:A27S,S:G142D,S:V213G,S:G339D,S:R346T,S:S371F,S:S373P,S:S375F,S:T376A,S:D405N,S:R408S,S:K417N,S:N440K,S:L452R,S:S477N,S:T478K,S:E484A,S:F486V,S:Q498R,S:N501Y,S:Y505H,S:D614G,S:N641S,S:H655Y,S:N679K,S:P681H,S:N764K,S:D796Y,S:Q954H,S:N969K",,,G28330A,"C11750T|22E&23B,C12053T|21E","C44T,T1937C,C2695T,A10028G,-11288A,-11291A,-11296G,G12569T,C16175A,C19983T,-21633C,-21635T,-21636A,-21638A,-21639A,-21641T,-21766C,A23484G,C27612T,-28362T,-28363G,-28365G,-28366G,-28370T,G28798T,-29734T,-29736A,-29737A,-29739A,-29741T,-29748A,-29749G,-29751T,-29752G,-29753C,-29755T,-29756C,-29757C,-29759C",1,2,39,42,,NODE_0000846,"C44T,C1627T,T1937C,C2695T,C7528T,A10028G,-11288A,-11291A,-11296G,C11750T,C12053T,G12569T,C16175A,C19983T,-21633C,-21635T,-21636A,-21638A,-21639A,-21641T,-21766C,G22599C,A23484G,A27038G,C27612T,G28361T,-28362T,-28363G,-28365G,-28366G,-28370T,G28371T,G28798T,-29734T,-29736A,-29737A,-29739A,-29741T,-29748A,-29749G,-29751T,-29752G,-29753C,-29755T,-29756C,-29757C,-29759C",,"N:G30L,N:-31G,N:-32R,N:-33F,ORF1a:S558P,ORF1a:I3255V,ORF1a:-3675T,ORF1a:-3676S,ORF1a:-3677L,ORF1a:L3829F,ORF1a:L3930F,ORF1a:V4102L,ORF1b:T903N,ORF9b:M26I,ORF9b:-27W,ORF9b:-28G,ORF9b:-29A,ORF9b:V30L,S:-24S,S:-25Y,S:-26N,S:-69H,S:-70V,S:R346T,S:N641S",,NODE_0000905,"C44T,T1937C,C2695T,A10028G,-11288A,-11291A,-11296G,C11750T,C12053T,G12569T,C16175A,C19983T,-21633C,-21635T,-21636A,-21638A,-21639A,-21641T,-21766C,A23484G,C27612T,G28330A,-28362T,-28363G,-28365G,-28366G,-28370T,G28798T,-29734T,-29736A,-29737A,-29739A,-29741T,-29748A,-29749G,-29751T,-29752G,-29753C,-29755T,-29756C,-29757C,-29759C",,"N:-30L,N:-31G,N:-32R,ORF1a:S558P,ORF1a:I3255V,ORF1a:-3675T,ORF1a:-3676S,ORF1a:-3677L,ORF1a:L3829F,ORF1a:L3930F,ORF1a:V4102L,ORF1b:T903N,ORF9b:G16D,ORF9b:-26I,ORF9b:-27W,ORF9b:-28G,ORF9b:I29A,S:-24S,S:-25Y,S:-26N,S:-69H,S:-70V,S:N641S",,N/A,N/A,N/A,N/A,N/A,N/A,N/A,N/A,N/A,N/A,,NA,3000,0,good,0,10,0,good,0,24,45,187.5,bad,53,29734-29758:14,50,mediocre,14,NA,0,,0,0,good,NA,0,0,good,0,NA,NA,NA,NA,PZ_E,M,65,Yes,Yes,18,Yes,3,TIX/CIL,Remdesiver,NA,invasive mechanical ventilation,15-34,range,,Immunocompromised,1/30/23,Yes,Hematologic malignancy and Cardiovascular disease,Italy,Catanzaro ,Nasopharyngeal swab,"Acute Respiratory Failure, Acute Respiratory Distress Syndrome, virus‚Äêinduced septic shock or multiple organ dysfunction ",Symptomatic,4,Pavia_2024,65,60-69,monoclonal_ab+antivirals
PP232086,22B,22B (BA.5),Omicron,22B,BA.5.2.1.7,BF.7,425,bad,107,0,0,0,0,0,68,0,0,0,89023,26,29842,0.997124034,FALSE,"C44T,C241T,T670G,C1627T,T1937C,C2695T,C2790T,C3037T,G4184A,C4321T,C7528T,C9344T,A9424G,C9534T,A10028G,C10029T,C10198T,G10447A,C10449A,G11291A,T11296G,C11750T,C12053T,G12160A,G12569T,C12880T,C14408T,C15714T,C16175A,C17410T,A18163G,C18501T,C19955T,C19983T,A20055G,C21618T,C21636T,C21639A,T21640A,G21641T,A21766C,G21987A,T22200G,G22578A,G22599C,C22674T,T22679C,C22686T,A22688G,G22775A,A22786C,G22813T,T22882G,T22917G,G22992A,C22995A,A23013C,T23018G,A23055G,A23063T,T23075C,A23403G,C23525T,T23599G,C23604A,C23854A,G23948T,A24424T,T24469A,C24990A,C25000T,C25584T,C26060T,C26270T,G26529A,C26577G,G26709A,A27038G,G27112C,C27612T,C27807T,C27889T,A28271T,C28311T,A28363T,A28365G,C28369T,A28370T,G28371T,G28798T,G28881A,G28882A,G28883C,A29510C,G29734T,G29737A,C29739A,C29741T,T29748A,A29749G,G29751T,A29752G,T29753C,G29755T,A29756T,T29758C,G29759C",,,,"E:T9I,M:D3N,M:Q19E,M:A63T,M:S197T,N:P13L,N:E31G,N:S33F,N:R203K,N:G204R,N:S413R,ORF1a:S135R,ORF1a:S558P,ORF1a:T842I,ORF1a:G1307S,ORF1a:L3027F,ORF1a:T3090I,ORF1a:T3255V,ORF1a:P3395H,ORF1a:G3676S,ORF1a:F3677L,ORF1a:L3829F,ORF1a:L3930F,ORF1a:V4102L,ORF1b:P314L,ORF1b:T903N,ORF1b:R1315C,ORF1b:I1566V,ORF1b:T2163I,ORF3a:T223I,ORF9b:P10S,ORF9b:E27V,ORF9b:N28D,ORF9b:A29V,ORF9b:V30L,S:T19I,S:P25L,S:P26Q,S:A27S,S:G142D,S:V213G,S:G339D,S:R346T,S:S371F,S:S373P,S:S375F,S:T376A,S:D405N,S:R408S,S:K417N,S:N440K,S:L452R,S:S477N,S:T478K,S:E484A,S:F486V,S:Q498R,S:N501Y,S:Y505H,S:D614G,S:H655Y,S:N679K,S:P681H,S:N764K,S:D796Y,S:Q954H,S:N969K,S:P1143H",,,"G28330A,T28361G","C11750T|22E&23B,C12053T|21E","C44T,T1937C,C2695T,A10028G,-11291A,-11296G,G12569T,C16175A,C18501T,C19983T,-21636T,-21639A,-21640A,-21641T,-21766C,C24990A,G27112C,C27612T,-28363T,-28365G,-28369T,-28370T,G28798T,-29734T,-29737A,-29739A,-29741T,-29748A,-29749G,-29751T,-29752G,-29753C,-29755T,-29756T,-29758C,-29759C",2,2,36,40,,NODE_0000846,"C44T,C1627T,T1937C,C2695T,C7528T,A10028G,-11291A,-11296G,C11750T,C12053T,G12569T,C16175A,C18501T,C19983T,-21636T,-21639A,-21640A,-21641T,-21766C,G22599C,C24990A,A27038G,G27112C,C27612T,-28363T,-28365G,-28369T,-28370T,G28371T,G28798T,-29734T,-29737A,-29739A,-29741T,-29748A,-29749G,-29751T,-29752G,-29753C,-29755T,-29756T,-29758C,-29759C",,"M:S197T,N:-31G,N:-32R,N:-33F,ORF1a:S558P,ORF1a:I3255V,ORF1a:-3675S,ORF1a:-3676S,ORF1a:-3677L,ORF1a:L3829F,ORF1a:L3930F,ORF1a:V4102L,ORF1b:T903N,ORF9b:-27V,ORF9b:-28D,ORF9b:-29V,ORF9b:V30L,S:-24L,S:-25L,S:-26Q,S:-69H,S:-70V,S:R346T,S:P1143H",,NODE_0000905,"C44T,T1937C,C2695T,A10028G,-11291A,-11296G,C11750T,C12053T,G12569T,C16175A,C18501T,C19983T,-21636T,-21639A,-21640A,-21641T,-21766C,C24990A,G27112C,C27612T,G28330A,T28361G,-28363T,-28365G,-28369T,-28370T,G28798T,-29734T,-29737A,-29739A,-29741T,-29748A,-29749G,-29751T,-29752G,-29753C,-29755T,-29756T,-29758C,-29759C",,"M:S197T,N:-30G,N:-31G,N:-32R,ORF1a:S558P,ORF1a:I3255V,ORF1a:-3675S,ORF1a:-3676S,ORF1a:-3677L,ORF1a:L3829F,ORF1a:L3930F,ORF1a:V4102L,ORF1b:T903N,ORF9b:G16D,ORF9b:-26M,ORF9b:-27V,ORF9b:-28D,ORF9b:I29V,S:-24L,S:-25L,S:-26Q,S:-69H,S:-70V,S:P1143H",,N/A,N/A,N/A,N/A,N/A,N/A,N/A,N/A,N/A,N/A,,NA,3000,0,good,0,10,0,good,0,24,48,200,bad,56,29734-29758:13,50,mediocre,13,NA,0,,0,0,good,NA,0,0,good,0,NA,NA,NA,NA,PZ_E,M,65,Yes,Yes,32,Yes,3,TIX/CIL,Remdesiver,NA,invasive mechanical ventilation,15-34,range,,Immunocompromised,2/13/23,Yes,Hematologic malignancy and Cardiovascular disease,Italy,Catanzaro ,Nasopharyngeal swab,"Acute Respiratory Failure, Acute Respiratory Distress Syndrome, virus‚Äêinduced septic shock or multiple organ dysfunction ",Symptomatic,4,Pavia_2024,65,60-69,monoclonal_ab+antivirals
PP232087,22B,22B (BA.5),Omicron,22B,BA.5.2.1.7,BF.7,425,bad,107,0,0,0,0,0,70,0,0,0,89023,26,29842,0.997124034,FALSE,"C44T,C241T,T670G,C1627T,T1937C,C2695T,C2790T,C3037T,G4184A,C4321T,C7528T,C9344T,A9424G,C9534T,A10028G,C10029T,C10198T,G10447A,C10449A,T11288A,G11291A,T11296G,C11750T,C12053T,G12160A,G12569T,C12880T,C14408T,C15714T,T15930C,C17410T,A18163G,C19955T,C19983T,A20055G,C21618T,C21636A,C21639A,G21641T,A21766C,G21987A,T22200G,G22578A,G22599C,C22674T,T22679C,C22686T,A22688G,G22775A,A22786C,G22813T,T22882G,T22917G,G22992A,C22995A,A23013C,T23018G,A23055G,A23063T,T23075C,A23403G,C23525T,T23599G,C23604A,C23854A,G23948T,A24424T,T24469A,C24990A,C25000T,C25584T,C26060T,C26270T,G26529A,C26577G,G26709A,G27112C,C27612T,C27807T,C27889T,A28271T,C28311T,G28361T,G28362T,A28363T,A28365C,C28369T,A28370T,G28371T,G28798T,G28881A,G28882A,G28883C,A29510C,G29734T,G29736A,G29737A,C29739A,C29741T,T29748A,A29749G,G29751T,A29752G,T29753C,G29755T,A29756C,G29757C",,,,"E:T9I,M:D3N,M:Q19E,M:A63T,M:S197T,N:P13L,N:G30F,N:E31A,N:S33F,N:R203K,N:G204R,N:S413R,ORF1a:S135R,ORF1a:S558P,ORF1a:T842I,ORF1a:G1307S,ORF1a:L3027F,ORF1a:T3090I,ORF1a:T3255V,ORF1a:P3395H,ORF1a:S3675T,ORF1a:G3676S,ORF1a:F3677L,ORF1a:L3829F,ORF1a:L3930F,ORF1a:V4102L,ORF1b:P314L,ORF1b:R1315C,ORF1b:I1566V,ORF1b:T2163I,ORF3a:T223I,ORF9b:P10S,ORF9b:M26I,ORF9b:E27L,ORF9b:N28H,ORF9b:A29V,ORF9b:V30L,S:T19I,S:P25H,S:P26H,S:A27S,S:G142D,S:V213G,S:G339D,S:R346T,S:S371F,S:S373P,S:S375F,S:T376A,S:D405N,S:R408S,S:K417N,S:N440K,S:L452R,S:S477N,S:T478K,S:E484A,S:F486V,S:Q498R,S:N501Y,S:Y505H,S:D614G,S:H655Y,S:N679K,S:P681H,S:N764K,S:D796Y,S:Q954H,S:N969K,S:P1143H",,,"G27038A,G28330A","C11750T|22E&23B,C12053T|21E","C44T,T1937C,C2695T,A10028G,-11288A,-11291A,-11296G,G12569T,T15930C,C19983T,-21636A,-21639A,-21641T,-21766C,C24990A,G27112C,C27612T,-28362T,-28363T,-28365C,-28369T,-28370T,G28798T,-29734T,-29736A,-29737A,-29739A,-29741T,-29748A,-29749G,-29751T,-29752G,-29753C,-29755T,-29756C,-29757C",2,2,36,40,,NODE_0000846,"C44T,C1627T,T1937C,C2695T,C7528T,A10028G,-11288A,-11291A,-11296G,C11750T,C12053T,G12569T,T15930C,C19983T,-21636A,-21639A,-21641T,-21766C,G22599C,C24990A,G27112C,C27612T,G28361T,-28362T,-28363T,-28365C,-28369T,-28370T,G28371T,G28798T,-29734T,-29736A,-29737A,-29739A,-29741T,-29748A,-29749G,-29751T,-29752G,-29753C,-29755T,-29756C,-29757C",,"M:S197T,N:G30F,N:-31A,N:-32R,N:-33F,ORF1a:S558P,ORF1a:I3255V,ORF1a:-3675T,ORF1a:-3676S,ORF1a:-3677L,ORF1a:L3829F,ORF1a:L3930F,ORF1a:V4102L,ORF9b:M26I,ORF9b:-27L,ORF9b:-28H,ORF9b:-29V,ORF9b:V30L,S:-24L,S:-25H,S:-26H,S:-69H,S:-70V,S:R346T,S:P1143H",,NODE_0000905,"C44T,T1937C,C2695T,A10028G,-11288A,-11291A,-11296G,C11750T,C12053T,G12569T,T15930C,C19983T,-21636A,-21639A,-21641T,-21766C,C24990A,G27038A,G27112C,C27612T,G28330A,-28362T,-28363T,-28365C,-28369T,-28370T,G28798T,-29734T,-29736A,-29737A,-29739A,-29741T,-29748A,-29749G,-29751T,-29752G,-29753C,-29755T,-29756C,-29757C",,"M:S197T,N:-30F,N:-31A,N:-32R,ORF1a:S558P,ORF1a:I3255V,ORF1a:-3675T,ORF1a:-3676S,ORF1a:-3677L,ORF1a:L3829F,ORF1a:L3930F,ORF1a:V4102L,ORF9b:G16D,ORF9b:-26I,ORF9b:-27L,ORF9b:-28H,ORF9b:I29V,S:-24L,S:-25H,S:-26H,S:-69H,S:-70V,S:P1143H",,N/A,N/A,N/A,N/A,N/A,N/A,N/A,N/A,N/A,N/A,,NA,3000,0,good,0,10,0,good,0,24,48,200,bad,56,29734-29756:13,50,mediocre,13,NA,0,,0,0,good,NA,0,0,good,0,NA,NA,NA,NA,PZ_E,M,65,Yes,Yes,48,Yes,3,TIX/CIL,Remdesiver,NA,invasive mechanical ventilation,15-34,range,,Immunocompromised,2/20/23,Yes,Hematologic malignancy and Cardiovascular disease,Italy,Catanzaro ,Nasopharyngeal swab,"Acute Respiratory Failure, Acute Respiratory Distress Syndrome, virus‚Äêinduced septic shock or multiple organ dysfunction ",Symptomatic,4,Pavia_2024,65,60-69,monoclonal_ab+antivirals
PP232088,22E,22E (BQ.1),Omicron,22E,BA.5.3.1.1.1.1.1.1.13.1,EF.1,94.444444,mediocre,106,0,0,0,0,0,72,0,0,0,89027,26,29842,0.997124034,FALSE,"C44T,C241T,T670G,C1931A,C2790T,T2954C,C3037T,G4184A,C4321T,G4859A,C6040T,C9344T,A9424G,A9483G,C9534T,C10029T,C10198T,G10447A,C10449A,T11288A,G11291A,T11296G,C11750T,G12160A,C12880T,T14257C,C14408T,C15714T,G16935A,A17039G,C17410T,A18163G,C19955T,A20055G,C21618T,T21633C,C21638A,G21641T,A21766C,G21987A,T22200G,G22578A,G22599C,C22674T,T22679C,C22686T,A22688G,G22775A,A22786C,G22813T,T22882G,A22893C,T22917G,T22942A,G22992A,C22995A,A23013C,T23018G,A23055G,A23063T,T23075C,C23086T,A23403G,C23525T,T23599G,C23604A,C23854A,G23948T,A24424T,T24469A,C25000T,C25584T,C26060T,C26270T,G26428T,G26529A,C26577G,G26709A,C27807T,C27889T,A28271T,C28311T,C28312T,A28363T,C28367G,C28369T,A28370G,G28681T,G28881A,G28882A,G28883C,G29449T,A29510C,G29734T,G29736A,G29737A,C29739A,C29741T,T29748A,A29749G,G29751T,A29752G,T29753C,G29755T,A29756C,G29757C",,,,"E:T9I,E:V62F,M:D3N,M:Q19E,M:A63T,N:P13L,N:R32G,N:S33G,N:E136D,N:R203K,N:G204R,N:S413R,ORF1a:S135R,ORF1a:Q556K,ORF1a:T842I,ORF1a:G1307S,ORF1a:D1532N,ORF1a:L3027F,ORF1a:E3073G,ORF1a:T3090I,ORF1a:T3255I,ORF1a:P3395H,ORF1a:S3675T,ORF1a:G3676S,ORF1a:F3677L,ORF1a:L3829F,ORF1b:Y264H,ORF1b:P314L,ORF1b:M1156I,ORF1b:N1191S,ORF1b:R1315C,ORF1b:I1566V,ORF1b:T2163I,ORF3a:T223I,ORF9b:P10F,ORF9b:E27V,ORF9b:N28K,ORF9b:A29V,S:T19I,S:L24S,S:P26T,S:A27S,S:G142D,S:V213G,S:G339D,S:R346T,S:S371F,S:S373P,S:S375F,S:T376A,S:D405N,S:R408S,S:K417N,S:N440K,S:K444T,S:L452R,S:N460K,S:S477N,S:T478K,S:E484A,S:F486V,S:Q498R,S:N501Y,S:Y505H,S:D614G,S:H655Y,S:N679K,S:P681H,S:N764K,S:D796Y,S:Q954H,S:N969K",,,,,"C44T,G4859A,A9483G,-11288A,-11291A,-11296G,-21633C,-21638A,-21641T,-21766C,-28363T,-28367G,-28369T,-28370G,G29449T,-29734T,-29736A,-29737A,-29739A,-29741T,-29748A,-29749G,-29751T,-29752G,-29753C,-29755T,-29756C,-29757C",0,0,28,28,,NODE_0000974,"C44T,G4859A,C6040T,A9483G,-11288A,-11291A,-11296G,A17039G,-21633C,-21638A,-21641T,-21766C,G22599C,C23086T,G26428T,-28363T,-28367G,-28369T,-28370G,G29449T,-29734T,-29736A,-29737A,-29739A,-29741T,-29748A,-29749G,-29751T,-29752G,-29753C,-29755T,-29756C,-29757C",,"E:V62F,N:-31E,N:-32G,N:-33G,ORF1a:D1532N,ORF1a:E3073G,ORF1a:-3675T,ORF1a:-3676S,ORF1a:-3677L,ORF1b:N1191S,ORF9b:-27V,ORF9b:-28K,ORF9b:-29V,S:-24S,S:-25P,S:-26T,S:-69H,S:-70V,S:R346T",,NODE_0001030,"C44T,G4859A,A9483G,-11288A,-11291A,-11296G,-21633C,-21638A,-21641T,-21766C,C23086T,-28363T,-28367G,-28369T,-28370G,G29449T,-29734T,-29736A,-29737A,-29739A,-29741T,-29748A,-29749G,-29751T,-29752G,-29753C,-29755T,-29756C,-29757C",,"N:-31E,N:-32G,N:-33G,ORF1a:D1532N,ORF1a:E3073G,ORF1a:-3675T,ORF1a:-3676S,ORF1a:-3677L,ORF9b:-27V,ORF9b:-28K,ORF9b:-29V,S:-24S,S:-25P,S:-26T,S:-69H,S:-70V,S:-144Y",,N/A,N/A,N/A,N/A,N/A,N/A,N/A,N/A,N/A,N/A,,NA,3000,0,good,0,10,0,good,0,24,20,83.333333,mediocre,28,29734-29756:13,50,mediocre,13,NA,0,,0,0,good,NA,0,0,good,0,NA,NA,NA,NA,PZ_F,M,83,Yes,Yes,16,Yes,3,NA,Remdesiver,NA,invasive mechanical ventilation,15-34,range,,Immunocompromised,1/19/23,Yes,"Chronic
cerebral vasculopathy and Diabetes mellitus type 2 and Cardiovascular disease",Italy,Catanzaro ,Nasopharyngeal swab,"Acute Respiratory Failure, Acute Respiratory Distress Syndrome, virus‚Äêinduced septic shock or multiple organ dysfunction ",Symptomatic,6,Pavia_2024,83,80+,antivirals
PP232089,22E,22E (BQ.1),Omicron,22E,BA.5.3.1.1.1.1.1.1.13.1,EF.1,64.0625,mediocre,101,0,0,0,0,0,66,0,0,0,89047,26,29842,0.997124034,FALSE,"C44T,C241T,T670G,C1931A,C2790T,T2954C,C3037T,G4184A,C4321T,G4859A,C6040T,C9344T,A9424G,C9534T,C10029T,C10198T,G10447A,C10449A,T11288A,G11291A,T11296G,C11750T,G12160A,C12880T,T14257C,C14408T,C15714T,G16935A,A17039G,C17410T,A18163G,C19955T,A20055G,C21618T,C21636A,C21638A,G21641A,A21766C,G21987A,T22200G,G22578A,G22599C,C22674T,T22679C,C22686T,A22688G,G22775A,A22786C,G22813T,T22882G,A22893C,T22917G,T22942A,G22992A,C22995A,A23013C,T23018G,A23055G,A23063T,T23075C,C23086T,A23403G,C23525T,T23599G,C23604A,C23854A,G23948T,A24424T,T24469A,C25000T,C25584T,C26060T,C26270T,G26428T,G26529A,C26577G,G26709A,C27807T,C27889T,A28271T,C28311T,C28312T,G28681T,G28881A,G28882A,G28883C,G29449T,A29510C,G29734T,G29736A,G29737A,C29739A,C29741T,T29748A,A29749G,G29751T,A29752G,T29753C,G29755T,A29756C,G29757C",,,,"E:T9I,E:V62F,M:D3N,M:Q19E,M:A63T,N:P13L,N:E136D,N:R203K,N:G204R,N:S413R,ORF1a:S135R,ORF1a:Q556K,ORF1a:T842I,ORF1a:G1307S,ORF1a:D1532N,ORF1a:L3027F,ORF1a:T3090I,ORF1a:T3255I,ORF1a:P3395H,ORF1a:S3675T,ORF1a:G3676S,ORF1a:F3677L,ORF1a:L3829F,ORF1b:Y264H,ORF1b:P314L,ORF1b:M1156I,ORF1b:N1191S,ORF1b:R1315C,ORF1b:I1566V,ORF1b:T2163I,ORF3a:T223I,ORF9b:P10F,S:T19I,S:P25H,S:P26T,S:A27T,S:G142D,S:V213G,S:G339D,S:R346T,S:S371F,S:S373P,S:S375F,S:T376A,S:D405N,S:R408S,S:K417N,S:N440K,S:K444T,S:L452R,S:N460K,S:S477N,S:T478K,S:E484A,S:F486V,S:Q498R,S:N501Y,S:Y505H,S:D614G,S:H655Y,S:N679K,S:P681H,S:N764K,S:D796Y,S:Q954H,S:N969K",,,,,"C44T,G4859A,-11288A,-11291A,-11296G,-21636A,-21638A,-21641A,-21766C,G29449T,-29734T,-29736A,-29737A,-29739A,-29741T,-29748A,-29749G,-29751T,-29752G,-29753C,-29755T,-29756C,-29757C",0,0,23,23,,NODE_0000974,"C44T,G4859A,C6040T,-11288A,-11291A,-11296G,A17039G,-21636A,-21638A,-21641A,-21766C,G22599C,C23086T,G26428T,G29449T,-29734T,-29736A,-29737A,-29739A,-29741T,-29748A,-29749G,-29751T,-29752G,-29753C,-29755T,-29756C,-29757C",,"E:V62F,N:-31E,N:-32R,N:-33S,ORF1a:D1532N,ORF1a:-3675T,ORF1a:-3676S,ORF1a:-3677L,ORF1b:N1191S,ORF9b:-27E,ORF9b:-28N,ORF9b:-29A,S:-24L,S:-25H,S:-26T,S:S27T,S:-69H,S:-70V,S:R346T",,NODE_0001030,"C44T,G4859A,-11288A,-11291A,-11296G,-21636A,-21638A,-21641A,-21766C,C23086T,G29449T,-29734T,-29736A,-29737A,-29739A,-29741T,-29748A,-29749G,-29751T,-29752G,-29753C,-29755T,-29756C,-29757C",,"N:-31E,N:-32R,N:-33S,ORF1a:D1532N,ORF1a:-3675T,ORF1a:-3676S,ORF1a:-3677L,ORF9b:-27E,ORF9b:-28N,ORF9b:-29A,S:-24L,S:-25H,S:-26T,S:S27T,S:-69H,S:-70V,S:-144Y",,N/A,N/A,N/A,N/A,N/A,N/A,N/A,N/A,N/A,N/A,,NA,3000,0,good,0,10,0,good,0,24,15,62.5,mediocre,23,29734-29756:13,50,mediocre,13,NA,0,,0,0,good,NA,0,0,good,0,NA,NA,NA,NA,PZ_F,M,83,Yes,Yes,32,Yes,3,NA,Remdesiver,NA,invasive mechanical ventilation,15-34,range,,Immunocompromised,1/30/23,Yes,"Chronic
cerebral vasculopathy and Diabetes mellitus type 2 and Cardiovascular disease",Italy,Catanzaro ,Nasopharyngeal swab,"Acute Respiratory Failure, Acute Respiratory Distress Syndrome, virus‚Äêinduced septic shock or multiple organ dysfunction ",Symptomatic,6,Pavia_2024,83,80+,antivirals
PP232090,22E,22E (BQ.1),Omicron,22E,BA.5.3.1.1.1.1.1.1.13.1,EF.1,50,mediocre,98,0,0,0,0,0,62,0,0,0,89059,26,29842,0.997124034,FALSE,"C44T,C241T,T670G,C1931A,C2790T,T2954C,C3037T,G4184A,C4321T,G4859A,C6040T,C9344T,A9424G,C9534T,C10029T,C10198T,G10447A,C10449A,G11291A,T11296G,C11750T,G12160A,C12880T,T14257C,C14408T,C15714T,G16935A,A17039G,C17410T,A18163G,C19955T,A20055G,C21618T,A21766C,G21987A,T22200G,G22578A,G22599C,C22674T,T22679C,C22686T,A22688G,G22775A,A22786C,G22813T,T22882G,A22893C,T22917G,T22942A,G22992A,C22995A,A23013C,T23018G,A23055G,A23063T,T23075C,C23086T,A23403G,C23525T,T23599G,C23604A,C23854A,G23948T,A24424T,T24469A,C25000T,C25584T,C26060T,C26270T,G26428T,G26529A,C26577G,G26709A,C27807T,C27889T,A28271T,C28311T,C28312T,G28681T,G28881A,G28882A,G28883C,G29449T,A29510C,A29549T,G29734T,G29736A,G29737A,C29739A,C29741T,T29748A,A29749G,G29751T,A29752G,T29753C,G29755T,A29756C,G29757C",,,,"E:T9I,E:V62F,M:D3N,M:Q19E,M:A63T,N:P13L,N:E136D,N:R203K,N:G204R,N:S413R,ORF1a:S135R,ORF1a:Q556K,ORF1a:T842I,ORF1a:G1307S,ORF1a:D1532N,ORF1a:L3027F,ORF1a:T3090I,ORF1a:T3255I,ORF1a:P3395H,ORF1a:G3676S,ORF1a:F3677L,ORF1a:L3829F,ORF1b:Y264H,ORF1b:P314L,ORF1b:M1156I,ORF1b:N1191S,ORF1b:R1315C,ORF1b:I1566V,ORF1b:T2163I,ORF3a:T223I,ORF9b:P10F,S:T19I,S:G142D,S:V213G,S:G339D,S:R346T,S:S371F,S:S373P,S:S375F,S:T376A,S:D405N,S:R408S,S:K417N,S:N440K,S:K444T,S:L452R,S:N460K,S:S477N,S:T478K,S:E484A,S:F486V,S:Q498R,S:N501Y,S:Y505H,S:D614G,S:H655Y,S:N679K,S:P681H,S:N764K,S:D796Y,S:Q954H,S:N969K",,,,,"C44T,G4859A,-11291A,-11296G,-21766C,G29449T,A29549T,-29734T,-29736A,-29737A,-29739A,-29741T,-29748A,-29749G,-29751T,-29752G,-29753C,-29755T,-29756C,-29757C",0,0,20,20,,NODE_0000974,"C44T,G4859A,C6040T,-11291A,-11296G,A17039G,-21766C,G22599C,C23086T,G26428T,G29449T,A29549T,-29734T,-29736A,-29737A,-29739A,-29741T,-29748A,-29749G,-29751T,-29752G,-29753C,-29755T,-29756C,-29757C",,"E:V62F,N:-31E,N:-32R,N:-33S,ORF1a:D1532N,ORF1a:-3675S,ORF1a:-3676S,ORF1a:-3677L,ORF1b:N1191S,ORF9b:-27E,ORF9b:-28N,ORF9b:-29A,S:-24L,S:-25P,S:-26P,S:S27A,S:-69H,S:-70V,S:R346T",,NODE_0001030,"C44T,G4859A,-11291A,-11296G,-21766C,C23086T,G29449T,A29549T,-29734T,-29736A,-29737A,-29739A,-29741T,-29748A,-29749G,-29751T,-29752G,-29753C,-29755T,-29756C,-29757C",,"N:-31E,N:-32R,N:-33S,ORF1a:D1532N,ORF1a:-3675S,ORF1a:-3676S,ORF1a:-3677L,ORF9b:-27E,ORF9b:-28N,ORF9b:-29A,S:-24L,S:-25P,S:-26P,S:S27A,S:-69H,S:-70V,S:-144Y",,N/A,N/A,N/A,N/A,N/A,N/A,N/A,N/A,N/A,N/A,,NA,3000,0,good,0,10,0,good,0,24,12,50,mediocre,20,29734-29756:13,50,mediocre,13,NA,0,,0,0,good,NA,0,0,good,0,NA,NA,NA,NA,PZ_F,M,83,Yes,Yes,47,Yes,3,NA,Remdesiver,NA,invasive mechanical ventilation,15-34,range,,Immunocompromised,2/20/23,Yes,"Chronic
cerebral vasculopathy and Diabetes mellitus type 2 and Cardiovascular disease",Italy,Catanzaro ,Nasopharyngeal swab,"Acute Respiratory Failure, Acute Respiratory Distress Syndrome, virus‚Äêinduced septic shock or multiple organ dysfunction ",Symptomatic,6,Pavia_2024,83,80+,antivirals
PP232091,21L,21L (BA.2),Omicron,21L,BA.2,BA.2,87.673611,mediocre,93,0,0,0,0,0,54,0,0,0,89079,26,29842,0.997124034,FALSE,"C44T,C241T,T670G,C2790T,C3037T,G4184A,C4321T,C4543T,C7303T,C9344T,A9424G,C9534T,C9866T,C10029T,C10198T,G10447A,C10449A,T11288A,G11291A,T11296G,C12880T,C14408T,C15714T,C17410T,A18163G,C18888T,C19955T,A20055G,G20919A,C21618T,C21637T,C21639A,G21641T,G21987A,T22200G,G22578A,C22674T,T22679C,C22686T,A22688G,G22775A,A22786C,G22813T,T22882G,G22992A,C22995A,A23013C,A23040G,A23055G,A23063T,T23075C,A23403G,C23525T,T23599G,C23604A,C23854A,G23948T,A24424T,T24469A,C25000T,C25584T,C25587T,C26060T,C26270T,C26577G,G26709A,C26858T,C27002T,A27259C,G27382C,A27383T,T27384C,C27807T,A28271T,C28311T,G28881A,G28882A,G28883C,A29510C,G29734T,G29736A,G29737A,C29739A,C29741T,T29748A,A29749G,G29751T,A29752G,T29753C,G29755T,A29756C,G29757C,G29759C",,,,"E:T9I,M:Q19E,M:A63T,N:P13L,N:R203K,N:G204R,N:S413R,ORF1a:S135R,ORF1a:T842I,ORF1a:G1307S,ORF1a:L3027F,ORF1a:T3090I,ORF1a:L3201F,ORF1a:T3255I,ORF1a:P3395H,ORF1a:S3675T,ORF1a:G3676S,ORF1a:F3677L,ORF1b:P314L,ORF1b:R1315C,ORF1b:I1566V,ORF1b:T2163I,ORF3a:T223I,ORF6:D61L,ORF9b:P10S,S:T19I,S:P26H,S:A27S,S:G142D,S:V213G,S:G339D,S:S371F,S:S373P,S:S375F,S:T376A,S:D405N,S:R408S,S:K417N,S:N440K,S:S477N,S:T478K,S:E484A,S:Q493R,S:Q498R,S:N501Y,S:Y505H,S:D614G,S:H655Y,S:N679K,S:P681H,S:N764K,S:D796Y,S:Q954H,S:N969K",,,,,"C44T,C4543T,C7303T,-11288A,-11291A,-11296G,C18888T,G20919A,-21637T,-21639A,-21641T,C25587T,C27002T,-29734T,-29736A,-29737A,-29739A,-29741T,-29748A,-29749G,-29751T,-29752G,-29753C,-29755T,-29756C,-29757C,-29759C",0,0,27,27,,NODE_0000695,"C44T,C4543T,C7303T,C9866T,-11288A,-11291A,-11296G,C18888T,G20919A,-21637T,-21639A,-21641T,C25587T,C27002T,-29734T,-29736A,-29737A,-29739A,-29741T,-29748A,-29749G,-29751T,-29752G,-29753C,-29755T,-29756C,-29757C,-29759C",,"N:-31E,N:-32R,N:-33S,ORF1a:L3201F,ORF1a:-3675T,ORF1a:-3676S,ORF1a:-3677L,ORF9b:-27E,ORF9b:-28N,ORF9b:-29A,S:-24L,S:-25P,S:-26H",,NODE_0000695,"C44T,C4543T,C7303T,C9866T,-11288A,-11291A,-11296G,C18888T,G20919A,-21637T,-21639A,-21641T,C25587T,C27002T,-29734T,-29736A,-29737A,-29739A,-29741T,-29748A,-29749G,-29751T,-29752G,-29753C,-29755T,-29756C,-29757C,-29759C",,"N:-31E,N:-32R,N:-33S,ORF1a:L3201F,ORF1a:-3675T,ORF1a:-3676S,ORF1a:-3677L,ORF9b:-27E,ORF9b:-28N,ORF9b:-29A,S:-24L,S:-25P,S:-26H",,N/A,N/A,N/A,N/A,N/A,N/A,N/A,N/A,N/A,N/A,,NA,3000,0,good,0,10,0,good,0,24,19,79.166667,mediocre,27,29734-29758:14,50,mediocre,14,NA,0,,0,0,good,NA,0,0,good,0,NA,NA,NA,NA,PZ_G,M,57,Yes,No,2,Yes,3,Casirivimab and Imdevimab,Remdesiver,Anti-CD20 mAbs,Non-invasive ventilation,15-34,range,,Immunocompromised,4/11/22,Yes,Hematologic malignancy and Diabetes mellitus type 2 and Obesity and Thyroiditis,Italy,Catanzaro ,Nasopharyngeal swab,"Acute Respiratory Failure, Acute Respiratory Distress Syndrome, virus‚Äêinduced septic shock or multiple organ dysfunction ",Symptomatic,4,Pavia_2024,57,50-59,monoclonal_ab+antivirals+biological_therapy
PP232092,21L,21L (BA.2),Omicron,21L,BA.2,BA.2,101.5625,bad,95,0,0,0,0,0,58,0,0,0,89071,26,29842,0.997124034,FALSE,"C44T,C241T,T670G,C2790T,C3037T,G4184A,C4321T,C4543T,C7303T,C9344T,A9424G,C9534T,C9866T,C10029T,C10198T,G10447A,C10449A,T11288A,G11291A,T11296G,C12880T,C14408T,C15714T,C17410T,A18163G,C18888T,C19955T,A20055G,G20919A,C21618T,T21633C,C21636A,C21637T,C21639A,T21640A,G21641T,G21987A,T22200G,G22578A,C22674T,T22679C,C22686T,A22688G,G22775A,A22786C,G22813T,T22882G,G22992A,C22995A,A23013C,A23040G,A23055G,A23063T,T23075C,A23403G,C23525T,T23599G,C23604A,C23854A,G23948T,A24424T,T24469A,C25000T,C25584T,C25587T,C26060T,C26270T,C26577G,G26709A,C26858T,C27002T,A27259C,G27382C,A27383T,T27384C,C27494T,C27807T,A28271T,C28311T,G28881A,G28882A,G28883C,C29250T,A29510C,G29734T,G29737A,C29739A,C29741T,T29748A,A29749G,G29751T,A29752G,T29753C,G29755T,T29758A",,,,"E:T9I,M:Q19E,M:A63T,N:P13L,N:R203K,N:G204R,N:P326L,N:S413R,ORF1a:S135R,ORF1a:T842I,ORF1a:G1307S,ORF1a:L3027F,ORF1a:T3090I,ORF1a:L3201F,ORF1a:T3255I,ORF1a:P3395H,ORF1a:S3675T,ORF1a:G3676S,ORF1a:F3677L,ORF1b:P314L,ORF1b:R1315C,ORF1b:I1566V,ORF1b:T2163I,ORF3a:T223I,ORF6:D61L,ORF7a:P34L,ORF9b:P10S,S:T19I,S:L24S,S:P25H,S:P26Q,S:A27S,S:G142D,S:V213G,S:G339D,S:S371F,S:S373P,S:S375F,S:T376A,S:D405N,S:R408S,S:K417N,S:N440K,S:S477N,S:T478K,S:E484A,S:Q493R,S:Q498R,S:N501Y,S:Y505H,S:D614G,S:H655Y,S:N679K,S:P681H,S:N764K,S:D796Y,S:Q954H,S:N969K",,,,,"C44T,C4543T,C7303T,-11288A,-11291A,-11296G,C18888T,G20919A,-21633C,-21636A,-21637T,-21639A,-21640A,-21641T,C25587T,C27002T,C27494T,C29250T,-29734T,-29737A,-29739A,-29741T,-29748A,-29749G,-29751T,-29752G,-29753C,-29755T,-29758A",0,0,29,29,,NODE_0000695,"C44T,C4543T,C7303T,C9866T,-11288A,-11291A,-11296G,C18888T,G20919A,-21633C,-21636A,-21637T,-21639A,-21640A,-21641T,C25587T,C27002T,C27494T,C29250T,-29734T,-29737A,-29739A,-29741T,-29748A,-29749G,-29751T,-29752G,-29753C,-29755T,-29758A",,"N:-31E,N:-32R,N:-33S,N:P326L,ORF1a:L3201F,ORF1a:-3675T,ORF1a:-3676S,ORF1a:-3677L,ORF7a:P34L,ORF9b:-27E,ORF9b:-28N,ORF9b:-29A,S:-24S,S:-25H,S:-26Q",,NODE_0000695,"C44T,C4543T,C7303T,C9866T,-11288A,-11291A,-11296G,C18888T,G20919A,-21633C,-21636A,-21637T,-21639A,-21640A,-21641T,C25587T,C27002T,C27494T,C29250T,-29734T,-29737A,-29739A,-29741T,-29748A,-29749G,-29751T,-29752G,-29753C,-29755T,-29758A",,"N:-31E,N:-32R,N:-33S,N:P326L,ORF1a:L3201F,ORF1a:-3675T,ORF1a:-3676S,ORF1a:-3677L,ORF7a:P34L,ORF9b:-27E,ORF9b:-28N,ORF9b:-29A,S:-24S,S:-25H,S:-26Q",,N/A,N/A,N/A,N/A,N/A,N/A,N/A,N/A,N/A,N/A,,NA,3000,0,good,0,10,0,good,0,24,21,87.5,mediocre,29,29734-29757:11,50,mediocre,11,NA,0,,0,0,good,NA,0,0,good,0,NA,NA,NA,NA,PZ_G,M,57,Yes,No,20,Yes,3,Casirivimab and Imdevimab,Remdesiver,Anti-CD20 mAbs,Non-invasive ventilation,15-34,range,,Immunocompromised,4/29/22,Yes,Hematologic malignancy and Diabetes mellitus type 2 and Obesity and Thyroiditis,Italy,Catanzaro ,Nasopharyngeal swab,"Acute Respiratory Failure, Acute Respiratory Distress Syndrome, virus‚Äêinduced septic shock or multiple organ dysfunction ",Symptomatic,4,Pavia_2024,57,50-59,monoclonal_ab+antivirals+biological_therapy
PP232093,21L,21L (BA.2),Omicron,21L,BA.2,BA.2,142.361111,bad,100,0,0,0,0,0,60,0,0,0,89051,26,29842,0.997124034,FALSE,"C44T,C241T,T670G,G1738T,C2790T,C3037T,G4184A,C4321T,C4543T,C7303T,C9344T,A9424G,C9534T,C9866T,C10029T,C10198T,G10447A,C10449A,T11288A,G11291A,T11296G,C12880T,C14408T,C15714T,C17410T,A18163G,C18888T,C19955T,A20055G,G20919A,C21618T,T21633C,C21636A,C21639A,G21641T,G21987A,T22200G,G22578A,C22674T,T22679C,C22686T,A22688G,G22775A,A22786C,G22813T,T22882G,G22992A,C22995A,A23013C,A23040G,A23055G,A23063T,T23075C,A23403G,C23525T,T23599G,C23604A,C23854A,G23948T,A24424T,T24469A,C25000T,C25546T,C25584T,C25587T,C26060T,C26270T,C26577G,G26709A,C26858T,C27002T,A27259C,G27382C,A27383T,T27384C,C27807T,A28271T,C28311T,A28363T,C28367T,G28881A,G28882A,G28883C,C29250T,A29510C,G29734T,G29736A,G29737A,C29739A,C29741T,T29748A,A29749G,G29751T,A29752G,T29753C,G29755T,A29756C,G29757C,T29758C,G29759C",,,,"E:T9I,M:Q19E,M:A63T,N:P13L,N:R32C,N:R203K,N:G204R,N:P326L,N:S413R,ORF1a:S135R,ORF1a:T842I,ORF1a:G1307S,ORF1a:L3027F,ORF1a:T3090I,ORF1a:L3201F,ORF1a:T3255I,ORF1a:P3395H,ORF1a:S3675T,ORF1a:G3676S,ORF1a:F3677L,ORF1b:P314L,ORF1b:R1315C,ORF1b:I1566V,ORF1b:T2163I,ORF3a:L52F,ORF3a:T223I,ORF6:D61L,ORF9b:P10S,ORF9b:E27V,S:T19I,S:L24S,S:P25H,S:P26H,S:A27S,S:G142D,S:V213G,S:G339D,S:S371F,S:S373P,S:S375F,S:T376A,S:D405N,S:R408S,S:K417N,S:N440K,S:S477N,S:T478K,S:E484A,S:Q493R,S:Q498R,S:N501Y,S:Y505H,S:D614G,S:H655Y,S:N679K,S:P681H,S:N764K,S:D796Y,S:Q954H,S:N969K",,,,,"C44T,G1738T,C4543T,C7303T,-11288A,-11291A,-11296G,C18888T,G20919A,-21633C,-21636A,-21639A,-21641T,C25546T,C25587T,C27002T,-28363T,-28367T,C29250T,-29734T,-29736A,-29737A,-29739A,-29741T,-29748A,-29749G,-29751T,-29752G,-29753C,-29755T,-29756C,-29757C,-29758C,-29759C",0,0,34,34,,NODE_0000695,"C44T,G1738T,C4543T,C7303T,C9866T,-11288A,-11291A,-11296G,C18888T,G20919A,-21633C,-21636A,-21639A,-21641T,C25546T,C25587T,C27002T,-28363T,-28367T,C29250T,-29734T,-29736A,-29737A,-29739A,-29741T,-29748A,-29749G,-29751T,-29752G,-29753C,-29755T,-29756C,-29757C,-29758C,-29759C",,"N:-31E,N:-32C,N:-33S,N:P326L,ORF1a:L3201F,ORF1a:-3675T,ORF1a:-3676S,ORF1a:-3677L,ORF3a:L52F,ORF9b:-27V,ORF9b:-28N,ORF9b:-29A,S:-24S,S:-25H,S:-26H",,NODE_0000695,"C44T,G1738T,C4543T,C7303T,C9866T,-11288A,-11291A,-11296G,C18888T,G20919A,-21633C,-21636A,-21639A,-21641T,C25546T,C25587T,C27002T,-28363T,-28367T,C29250T,-29734T,-29736A,-29737A,-29739A,-29741T,-29748A,-29749G,-29751T,-29752G,-29753C,-29755T,-29756C,-29757C,-29758C,-29759C",,"N:-31E,N:-32C,N:-33S,N:P326L,ORF1a:L3201F,ORF1a:-3675T,ORF1a:-3676S,ORF1a:-3677L,ORF3a:L52F,ORF9b:-27V,ORF9b:-28N,ORF9b:-29A,S:-24S,S:-25H,S:-26H",,N/A,N/A,N/A,N/A,N/A,N/A,N/A,N/A,N/A,N/A,,NA,3000,0,good,0,10,0,good,0,24,26,108.333333,bad,34,29734-29758:15,50,mediocre,15,NA,0,,0,0,good,NA,0,0,good,0,NA,NA,NA,NA,PZ_G,M,57,Yes,No,34,Yes,3,Casirivimab and Imdevimab,Remdesiver,Anti-CD20 mAbs,Non-invasive ventilation,15-34,range,,Immunocompromised,5/13/22,Yes,Hematologic malignancy and Diabetes mellitus type 2 and Obesity and Thyroiditis,Italy,Catanzaro ,Nasopharyngeal swab,"Acute Respiratory Failure, Acute Respiratory Distress Syndrome, virus‚Äêinduced septic shock or multiple organ dysfunction ",Symptomatic,4,Pavia_2024,57,50-59,monoclonal_ab+antivirals+biological_therapy
PP232094,21L,21L (BA.2),Omicron,21L,BA.2,BA.2,151.5625,bad,98,0,0,0,0,0,60,0,0,0,89059,26,29842,0.997124034,FALSE,"C44T,C241T,T670G,C2790T,C3037T,G4184A,C4321T,C4543T,C7303T,C9344T,A9424G,C9534T,C9866T,C10029T,C10198T,G10447A,C10449A,T11288A,G11291A,T11296G,C12880T,C14408T,C15714T,C17410T,A18163G,C18888T,C19955T,A20055G,G20919A,A21603G,C21618T,T21633C,C21635T,C21636A,C21639A,G21641T,G21987A,T22200G,G22578A,C22674T,T22679C,C22686T,A22688G,G22775A,A22786C,G22813T,T22882G,A22893G,G22992A,C22995A,A23013C,A23040G,A23055G,A23063T,T23075C,A23403G,C23525T,T23599G,C23604A,C23854A,G23948T,A24424T,T24469A,C25000T,C25584T,C25587T,C26060T,C26270T,C26577G,G26709A,C26858T,C27002T,A27259C,G27382C,A27383T,T27384C,C27807T,A28271T,C28311T,A28363T,A28370G,G28881A,G28882A,G28883C,A29510C,G29734T,G29736A,G29737A,C29739A,C29741T,T29748A,A29749G,G29751T,A29752G,T29753C,G29755T,A29756C,G29757C",,,,"E:T9I,M:Q19E,M:A63T,N:P13L,N:S33G,N:R203K,N:G204R,N:S413R,ORF1a:S135R,ORF1a:T842I,ORF1a:G1307S,ORF1a:L3027F,ORF1a:T3090I,ORF1a:L3201F,ORF1a:T3255I,ORF1a:P3395H,ORF1a:S3675T,ORF1a:G3676S,ORF1a:F3677L,ORF1b:P314L,ORF1b:R1315C,ORF1b:I1566V,ORF1b:T2163I,ORF3a:T223I,ORF6:D61L,ORF9b:P10S,ORF9b:E27V,S:Q14R,S:T19I,S:L24S,S:P25Y,S:P26H,S:A27S,S:G142D,S:V213G,S:G339D,S:S371F,S:S373P,S:S375F,S:T376A,S:D405N,S:R408S,S:K417N,S:N440K,S:K444R,S:S477N,S:T478K,S:E484A,S:Q493R,S:Q498R,S:N501Y,S:Y505H,S:D614G,S:H655Y,S:N679K,S:P681H,S:N764K,S:D796Y,S:Q954H,S:N969K",,,,A22893G|24H,"C44T,C4543T,C7303T,-11288A,-11291A,-11296G,C18888T,G20919A,A21603G,-21633C,-21635T,-21636A,-21639A,-21641T,C25587T,C27002T,-28363T,-28370G,-29734T,-29736A,-29737A,-29739A,-29741T,-29748A,-29749G,-29751T,-29752G,-29753C,-29755T,-29756C,-29757C",0,1,31,32,,NODE_0000695,"C44T,C4543T,C7303T,C9866T,-11288A,-11291A,-11296G,C18888T,G20919A,A21603G,-21633C,-21635T,-21636A,-21639A,-21641T,A22893G,C25587T,C27002T,-28363T,-28370G,-29734T,-29736A,-29737A,-29739A,-29741T,-29748A,-29749G,-29751T,-29752G,-29753C,-29755T,-29756C,-29757C",,"N:-31E,N:-32R,N:-33G,ORF1a:L3201F,ORF1a:-3675T,ORF1a:-3676S,ORF1a:-3677L,ORF9b:-27V,ORF9b:-28N,ORF9b:-29A,S:Q14R,S:-24S,S:-25Y,S:-26H,S:K444R",,NODE_0000695,"C44T,C4543T,C7303T,C9866T,-11288A,-11291A,-11296G,C18888T,G20919A,A21603G,-21633C,-21635T,-21636A,-21639A,-21641T,A22893G,C25587T,C27002T,-28363T,-28370G,-29734T,-29736A,-29737A,-29739A,-29741T,-29748A,-29749G,-29751T,-29752G,-29753C,-29755T,-29756C,-29757C",,"N:-31E,N:-32R,N:-33G,ORF1a:L3201F,ORF1a:-3675T,ORF1a:-3676S,ORF1a:-3677L,ORF9b:-27V,ORF9b:-28N,ORF9b:-29A,S:Q14R,S:-24S,S:-25Y,S:-26H,S:K444R",,N/A,N/A,N/A,N/A,N/A,N/A,N/A,N/A,N/A,N/A,,NA,3000,0,good,0,10,0,good,0,24,27,112.5,bad,35,29734-29756:13,50,mediocre,13,NA,0,,0,0,good,NA,0,0,good,0,NA,NA,NA,NA,PZ_G,M,57,Yes,No,48,Yes,3,Casirivimab and Imdevimab,Remdesiver,Anti-CD20 mAbs,Non-invasive ventilation,15-34,range,,Immunocompromised,5/23/22,Yes,Hematologic malignancy and Diabetes mellitus type 2 and Obesity and Thyroiditis,Italy,Catanzaro ,Nasopharyngeal swab,"Acute Respiratory Failure, Acute Respiratory Distress Syndrome, virus‚Äêinduced septic shock or multiple organ dysfunction ",Symptomatic,4,Pavia_2024,57,50-59,monoclonal_ab+antivirals+biological_therapy
PP232095,21L,21L (BA.2),Omicron,21L,BA.2,BA.2,151.5625,bad,98,0,0,0,0,0,61,0,0,0,89059,26,29842,0.997124034,FALSE,"C44T,C241T,T670G,C2790T,C3037T,C3666T,G4184A,C4321T,C4543T,C4890T,C7303T,C9344T,A9424G,C9534T,C9866T,C10029T,C10198T,G10447A,C10449A,T11288A,G11291A,T11296G,C12880T,C14408T,C15714T,C17410T,A18163G,C18888T,C19955T,A20055G,G20919A,A21603G,C21618T,T21633C,C21636A,C21638A,C21639A,G21641T,G21987A,T22200G,G22578A,C22674T,T22679C,C22686T,A22688G,G22775A,A22786C,G22813T,T22882G,A22893G,G22992A,C22995A,A23013C,A23040G,A23055G,A23063T,T23075C,A23403G,C23525T,T23599G,C23604A,C23854A,G23948T,A24424T,T24469A,C25000T,C25584T,C25587T,C26060T,C26270T,C26577G,G26709A,C26858T,C27002T,A27259C,G27382C,A27383T,T27384C,C27807T,A28271T,C28311T,G28881A,G28882A,G28883C,C29253T,A29510C,G29734T,G29737A,C29739A,C29741T,T29748A,A29749G,G29751T,A29752G,T29753C,G29755T,A29756G,G29757C",,,,"E:T9I,M:Q19E,M:A63T,N:P13L,N:R203K,N:G204R,N:S327L,N:S413R,ORF1a:S135R,ORF1a:T842I,ORF1a:A1134V,ORF1a:G1307S,ORF1a:T1542I,ORF1a:L3027F,ORF1a:T3090I,ORF1a:L3201F,ORF1a:T3255I,ORF1a:P3395H,ORF1a:S3675T,ORF1a:G3676S,ORF1a:F3677L,ORF1b:P314L,ORF1b:R1315C,ORF1b:I1566V,ORF1b:T2163I,ORF3a:T223I,ORF6:D61L,ORF9b:P10S,S:Q14R,S:T19I,S:L24S,S:P25H,S:P26N,S:A27S,S:G142D,S:V213G,S:G339D,S:S371F,S:S373P,S:S375F,S:T376A,S:D405N,S:R408S,S:K417N,S:N440K,S:K444R,S:S477N,S:T478K,S:E484A,S:Q493R,S:Q498R,S:N501Y,S:Y505H,S:D614G,S:H655Y,S:N679K,S:P681H,S:N764K,S:D796Y,S:Q954H,S:N969K",,,,A22893G|24H,"C44T,C3666T,C4543T,C4890T,C7303T,-11288A,-11291A,-11296G,C18888T,G20919A,A21603G,-21633C,-21636A,-21638A,-21639A,-21641T,C25587T,C27002T,C29253T,-29734T,-29737A,-29739A,-29741T,-29748A,-29749G,-29751T,-29752G,-29753C,-29755T,-29756G,-29757C",0,1,31,32,,NODE_0000695,"C44T,C3666T,C4543T,C4890T,C7303T,C9866T,-11288A,-11291A,-11296G,C18888T,G20919A,A21603G,-21633C,-21636A,-21638A,-21639A,-21641T,A22893G,C25587T,C27002T,C29253T,-29734T,-29737A,-29739A,-29741T,-29748A,-29749G,-29751T,-29752G,-29753C,-29755T,-29756G,-29757C",,"N:-31E,N:-32R,N:-33S,N:S327L,ORF1a:A1134V,ORF1a:T1542I,ORF1a:L3201F,ORF1a:-3675T,ORF1a:-3676S,ORF1a:-3677L,ORF9b:-27E,ORF9b:-28N,ORF9b:-29A,S:Q14R,S:-24S,S:-25H,S:-26N,S:K444R",,NODE_0000695,"C44T,C3666T,C4543T,C4890T,C7303T,C9866T,-11288A,-11291A,-11296G,C18888T,G20919A,A21603G,-21633C,-21636A,-21638A,-21639A,-21641T,A22893G,C25587T,C27002T,C29253T,-29734T,-29737A,-29739A,-29741T,-29748A,-29749G,-29751T,-29752G,-29753C,-29755T,-29756G,-29757C",,"N:-31E,N:-32R,N:-33S,N:S327L,ORF1a:A1134V,ORF1a:T1542I,ORF1a:L3201F,ORF1a:-3675T,ORF1a:-3676S,ORF1a:-3677L,ORF9b:-27E,ORF9b:-28N,ORF9b:-29A,S:Q14R,S:-24S,S:-25H,S:-26N,S:K444R",,N/A,N/A,N/A,N/A,N/A,N/A,N/A,N/A,N/A,N/A,,NA,3000,0,good,0,10,0,good,0,24,27,112.5,bad,35,29734-29756:12,50,mediocre,12,NA,0,,0,0,good,NA,0,0,good,0,NA,NA,NA,NA,PZ_G,M,57,Yes,No,64,Yes,3,Casirivimab and Imdevimab,Remdesiver,Anti-CD20 mAbs,Non-invasive ventilation,15-34,range,,Immunocompromised,6/3/22,Yes,Hematologic malignancy and Diabetes mellitus type 2 and Obesity and Thyroiditis,Italy,Catanzaro ,Nasopharyngeal swab,"Acute Respiratory Failure, Acute Respiratory Distress Syndrome, virus‚Äêinduced septic shock or multiple organ dysfunction ",Symptomatic,4,Pavia_2024,57,50-59,monoclonal_ab+antivirals+biological_therapy
PP232096,21L,21L (BA.2),Omicron,21L,BA.2,BA.2,302.777778,bad,102,0,0,0,0,0,63,0,0,0,89043,26,29842,0.997124034,FALSE,"C44T,C241T,T670G,C1824T,C2790T,C3037T,G4184A,C4321T,C4543T,A4884G,C7051T,C7303T,C9344T,A9424G,C9534T,C9866T,C10029T,C10198T,G10447A,C10449A,G11291A,T11296G,C11750T,C12880T,C14408T,C15714T,C17410T,A18163G,C18888T,C19955T,A20055G,G20919A,C21618T,T21633C,C21635T,C21638A,G21641T,G21987A,T22200G,G22317T,G22578A,C22674T,T22679C,C22686T,A22688G,G22775A,A22786C,G22813T,T22882G,G22898A,G22992A,C22995A,A23013C,A23040G,A23055G,A23063T,T23075C,A23403G,C23525T,T23599G,C23604A,C23854A,G23948T,A24424T,T24469A,C25000T,G25052A,C25584T,C25587T,C26060T,G26217A,C26270T,A26275G,C26577G,G26709A,C26858T,C27002T,A27259C,G27382C,A27383T,T27384C,C27807T,A28271T,C28311T,G28881A,G28882A,G28883C,C29250T,A29510C,G29734T,G29736A,G29737A,C29739A,C29741T,T29748A,A29749G,G29751T,A29752G,T29753C,G29755T,T29758G,G29759T",,,,"E:T9I,E:T11A,M:Q19E,M:A63T,N:P13L,N:R203K,N:G204R,N:P326L,N:S413R,ORF1a:S135R,ORF1a:A520V,ORF1a:T842I,ORF1a:G1307S,ORF1a:N1540S,ORF1a:L3027F,ORF1a:T3090I,ORF1a:L3201F,ORF1a:T3255I,ORF1a:P3395H,ORF1a:G3676S,ORF1a:F3677L,ORF1a:L3829F,ORF1b:P314L,ORF1b:R1315C,ORF1b:I1566V,ORF1b:T2163I,ORF3a:T223I,ORF6:D61L,ORF9b:P10S,S:T19I,S:L24S,S:P25S,S:P26T,S:A27S,S:G142D,S:V213G,S:G252V,S:G339D,S:S371F,S:S373P,S:S375F,S:T376A,S:D405N,S:R408S,S:K417N,S:N440K,S:G446S,S:S477N,S:T478K,S:E484A,S:Q493R,S:Q498R,S:N501Y,S:Y505H,S:D614G,S:H655Y,S:N679K,S:P681H,S:N764K,S:D796Y,S:Q954H,S:N969K,S:V1164I",,,,"C11750T|22E&23B,G22317T|23A&23F&23D&23B&22F&23H&23G,G22898A|21K&23A&24A&23F&23D&23B&22D&22F&23C&24E&24C&23E&rec&23H&24B&23I&24G&23G&24F&24D&24H&24I,A26275G|23A&23F&23D&23B&22D&22F&23C&23E&23H&rec&23G","C44T,C1824T,C4543T,A4884G,C7051T,C7303T,-11291A,-11296G,C18888T,G20919A,-21633C,-21635T,-21638A,-21641T,G25052A,C25587T,G26217A,C27002T,C29250T,-29734T,-29736A,-29737A,-29739A,-29741T,-29748A,-29749G,-29751T,-29752G,-29753C,-29755T,-29758G,-29759T",0,4,32,36,,NODE_0000695,"C44T,C1824T,C4543T,A4884G,C7051T,C7303T,C9866T,-11291A,-11296G,C11750T,C18888T,G20919A,-21633C,-21635T,-21638A,-21641T,G22317T,G22898A,G25052A,C25587T,G26217A,A26275G,C27002T,C29250T,-29734T,-29736A,-29737A,-29739A,-29741T,-29748A,-29749G,-29751T,-29752G,-29753C,-29755T,-29758G,-29759T",,"E:T11A,N:-31E,N:-32R,N:-33S,N:P326L,ORF1a:A520V,ORF1a:N1540S,ORF1a:L3201F,ORF1a:-3675S,ORF1a:-3676S,ORF1a:-3677L,ORF1a:L3829F,ORF9b:-27E,ORF9b:-28N,ORF9b:-29A,S:-24S,S:-25S,S:-26T,S:G252V,S:G446S,S:V1164I",,NODE_0000695,"C44T,C1824T,C4543T,A4884G,C7051T,C7303T,C9866T,-11291A,-11296G,C11750T,C18888T,G20919A,-21633C,-21635T,-21638A,-21641T,G22317T,G22898A,G25052A,C25587T,G26217A,A26275G,C27002T,C29250T,-29734T,-29736A,-29737A,-29739A,-29741T,-29748A,-29749G,-29751T,-29752G,-29753C,-29755T,-29758G,-29759T",,"E:T11A,N:-31E,N:-32R,N:-33S,N:P326L,ORF1a:A520V,ORF1a:N1540S,ORF1a:L3201F,ORF1a:-3675S,ORF1a:-3676S,ORF1a:-3677L,ORF1a:L3829F,ORF9b:-27E,ORF9b:-28N,ORF9b:-29A,S:-24S,S:-25S,S:-26T,S:G252V,S:G446S,S:V1164I",,N/A,N/A,N/A,N/A,N/A,N/A,N/A,N/A,N/A,N/A,,NA,3000,0,good,0,10,0,good,0,24,40,166.666667,bad,48,29734-29758:13,50,mediocre,13,NA,0,,0,0,good,NA,0,0,good,0,NA,NA,NA,NA,PZ_G,M,57,Yes,No,79,Yes,3,Casirivimab and Imdevimab,Remdesiver,Anti-CD20 mAbs,Non-invasive ventilation,15-34,range,,Immunocompromised,7/26/22,Yes,Hematologic malignancy and Diabetes mellitus type 2 and Obesity and Thyroiditis,Italy,Catanzaro ,Nasopharyngeal swab,"Acute Respiratory Failure, Acute Respiratory Distress Syndrome, virus‚Äêinduced septic shock or multiple organ dysfunction ",Symptomatic,4,Pavia_2024,57,50-59,monoclonal_ab+antivirals+biological_therapy
PP232097,22B,22B (BA.5),Omicron,22B,BA.5.3.1.1,BE.1,116.840278,bad,95,0,0,0,0,0,62,0,0,0,89071,26,29842,0.997124034,FALSE,"C44T,C241T,T670G,C884T,C1931A,C2790T,C3037T,G3875A,G4184A,C4321T,C9344T,A9424G,C9534T,C10029T,C10198T,G10447A,C10449A,T11288A,G11291A,T11296G,C12068T,G12160A,C12880T,C14408T,C15714T,G16935A,C17410T,A18163G,C19955T,A20055G,C21618T,C21637T,C21639A,T21640A,G21641T,A21766C,G21987A,T22200G,G22578A,C22674T,T22679C,C22686T,A22688G,G22775A,A22786C,C22792T,G22813T,T22882G,T22917G,G22992A,C22995A,A23013C,T23018G,A23055G,A23063T,T23075C,T23323C,A23403G,C23525T,T23599G,C23604A,C23854A,G23948T,A24424T,T24469A,C25000T,G25534T,G25537T,C25584T,C26060T,C26270T,G26529A,C26577G,G26709A,C27807T,C27889T,A28271T,C28311T,A28363T,G28681T,G28881A,G28882A,G28883C,A29510C,G29737A,C29739A,C29741T,T29748A,A29749G,G29751T,A29752G,T29753C,G29755T,A29756G,G29757C",,,,"E:T9I,M:D3N,M:Q19E,M:A63T,N:P13L,N:E136D,N:R203K,N:G204R,N:S413R,ORF1a:S135R,ORF1a:R207C,ORF1a:Q556K,ORF1a:T842I,ORF1a:A1204T,ORF1a:G1307S,ORF1a:L3027F,ORF1a:T3090I,ORF1a:T3255I,ORF1a:P3395H,ORF1a:S3675T,ORF1a:G3676S,ORF1a:F3677L,ORF1b:P314L,ORF1b:M1156I,ORF1b:R1315C,ORF1b:I1566V,ORF1b:T2163I,ORF3a:V48F,ORF3a:G49C,ORF3a:T223I,ORF9b:P10S,ORF9b:E27V,S:T19I,S:P26Q,S:A27S,S:G142D,S:V213G,S:G339D,S:S371F,S:S373P,S:S375F,S:T376A,S:D405N,S:R408S,S:K417N,S:N440K,S:L452R,S:S477N,S:T478K,S:E484A,S:F486V,S:Q498R,S:N501Y,S:Y505H,S:D614G,S:H655Y,S:N679K,S:P681H,S:N764K,S:D796Y,S:Q954H,S:N969K",,,,C22792T|21L&21I&24H,"C44T,C884T,G3875A,-11288A,-11291A,-11296G,C12068T,-21637T,-21639A,-21640A,-21641T,-21766C,T23323C,G25534T,G25537T,-28363T,-29737A,-29739A,-29741T,-29748A,-29749G,-29751T,-29752G,-29753C,-29755T,-29756G,-29757C",0,1,27,28,,NODE_0000846,"C44T,C884T,C1931A,G3875A,-11288A,-11291A,-11296G,C12068T,G16935A,-21637T,-21639A,-21640A,-21641T,-21766C,C22792T,T23323C,G25534T,G25537T,-28363T,G28681T,-29737A,-29739A,-29741T,-29748A,-29749G,-29751T,-29752G,-29753C,-29755T,-29756G,-29757C",,"N:-31E,N:-32R,N:-33S,N:E136D,ORF1a:R207C,ORF1a:Q556K,ORF1a:A1204T,ORF1a:-3675T,ORF1a:-3676S,ORF1a:-3677L,ORF1b:M1156I,ORF3a:V48F,ORF3a:G49C,ORF9b:-27V,ORF9b:-28N,ORF9b:-29A,S:-24L,S:-25P,S:-26Q,S:-69H,S:-70V",,NODE_0000966,"C44T,C884T,G3875A,-11288A,-11291A,-11296G,C12068T,-21637T,-21639A,-21640A,-21641T,-21766C,C22792T,T23323C,G25534T,G25537T,-28363T,-29737A,-29739A,-29741T,-29748A,-29749G,-29751T,-29752G,-29753C,-29755T,-29756G,-29757C",,"N:-31E,N:-32R,N:-33S,ORF1a:R207C,ORF1a:A1204T,ORF1a:-3675T,ORF1a:-3676S,ORF1a:-3677L,ORF3a:V48F,ORF3a:G49C,ORF9b:-27V,ORF9b:-28N,ORF9b:-29A,S:-24L,S:-25P,S:-26Q,S:-69H,S:-70V",,N/A,N/A,N/A,N/A,N/A,N/A,N/A,N/A,N/A,N/A,,NA,3000,0,good,0,10,0,good,0,24,23,95.833333,mediocre,31,29737-29756:11,50,mediocre,11,NA,0,,0,0,good,NA,0,0,good,0,NA,NA,NA,NA,PZ_H,M,69,Yes,No,8,Yes,3,NA,NA,NA,invasive mechanical ventilation,15-34,range,,Immunocompromised,7/16/22,Yes,Cardiovascular disease,Italy,Catanzaro ,Nasopharyngeal swab,"Acute Respiratory Failure, Acute Respiratory Distress Syndrome, virus‚Äêinduced septic shock or multiple organ dysfunction ",Symptomatic,2,Pavia_2024,69,60-69,NA
PP232098,22B,22B (BA.5),Omicron,22B,BA.5.3.1.1,BE.1,142.361111,bad,98,0,0,0,0,0,64,0,0,0,89059,26,29842,0.997124034,FALSE,"C44T,C241T,T670G,C884T,C1931A,C2790T,C3037T,G3875A,G4184A,C4321T,C9344T,A9424G,C9534T,C10029T,C10198T,G10447A,C10449A,T11288A,G11291A,T11296G,C12068T,G12160A,C12880T,C14408T,C15714T,G16935A,C17410T,A18163G,C19955T,A20055G,C21618T,T21633C,C21636A,C21638A,C21639A,G21641T,A21766C,G21987A,T22200G,G22578A,C22674T,T22679C,C22686T,A22688G,G22775A,A22786C,C22792T,G22813T,T22882G,T22917G,G22992A,C22995A,A23013C,T23018G,A23055G,A23063T,T23075C,T23323C,A23403G,C23525T,T23599G,C23604A,C23854A,G23948T,A24424T,T24469A,C25000T,G25534T,G25537T,C25584T,C26060T,C26270T,G26529A,C26577G,G26709A,C27807T,C27889T,A28271T,C28311T,A28363T,G28681T,G28881A,G28882A,G28883C,A29510C,G29734T,G29737A,C29739A,C29741T,T29748A,A29749G,G29751T,A29752G,T29753C,G29755T,A29756C,G29757C,G29759C",,,,"E:T9I,M:D3N,M:Q19E,M:A63T,N:P13L,N:E136D,N:R203K,N:G204R,N:S413R,ORF1a:S135R,ORF1a:R207C,ORF1a:Q556K,ORF1a:T842I,ORF1a:A1204T,ORF1a:G1307S,ORF1a:L3027F,ORF1a:T3090I,ORF1a:T3255I,ORF1a:P3395H,ORF1a:S3675T,ORF1a:G3676S,ORF1a:F3677L,ORF1b:P314L,ORF1b:M1156I,ORF1b:R1315C,ORF1b:I1566V,ORF1b:T2163I,ORF3a:V48F,ORF3a:G49C,ORF3a:T223I,ORF9b:P10S,ORF9b:E27V,S:T19I,S:L24S,S:P25H,S:P26N,S:A27S,S:G142D,S:V213G,S:G339D,S:S371F,S:S373P,S:S375F,S:T376A,S:D405N,S:R408S,S:K417N,S:N440K,S:L452R,S:S477N,S:T478K,S:E484A,S:F486V,S:Q498R,S:N501Y,S:Y505H,S:D614G,S:H655Y,S:N679K,S:P681H,S:N764K,S:D796Y,S:Q954H,S:N969K",,,,C22792T|21L&21I&24H,"C44T,C884T,G3875A,-11288A,-11291A,-11296G,C12068T,-21633C,-21636A,-21638A,-21639A,-21641T,-21766C,T23323C,G25534T,G25537T,-28363T,-29734T,-29737A,-29739A,-29741T,-29748A,-29749G,-29751T,-29752G,-29753C,-29755T,-29756C,-29757C,-29759C",0,1,30,31,,NODE_0000846,"C44T,C884T,C1931A,G3875A,-11288A,-11291A,-11296G,C12068T,G16935A,-21633C,-21636A,-21638A,-21639A,-21641T,-21766C,C22792T,T23323C,G25534T,G25537T,-28363T,G28681T,-29734T,-29737A,-29739A,-29741T,-29748A,-29749G,-29751T,-29752G,-29753C,-29755T,-29756C,-29757C,-29759C",,"N:-31E,N:-32R,N:-33S,N:E136D,ORF1a:R207C,ORF1a:Q556K,ORF1a:A1204T,ORF1a:-3675T,ORF1a:-3676S,ORF1a:-3677L,ORF1b:M1156I,ORF3a:V48F,ORF3a:G49C,ORF9b:-27V,ORF9b:-28N,ORF9b:-29A,S:-24S,S:-25H,S:-26N,S:-69H,S:-70V",,NODE_0000966,"C44T,C884T,G3875A,-11288A,-11291A,-11296G,C12068T,-21633C,-21636A,-21638A,-21639A,-21641T,-21766C,C22792T,T23323C,G25534T,G25537T,-28363T,-29734T,-29737A,-29739A,-29741T,-29748A,-29749G,-29751T,-29752G,-29753C,-29755T,-29756C,-29757C,-29759C",,"N:-31E,N:-32R,N:-33S,ORF1a:R207C,ORF1a:A1204T,ORF1a:-3675T,ORF1a:-3676S,ORF1a:-3677L,ORF3a:V48F,ORF3a:G49C,ORF9b:-27V,ORF9b:-28N,ORF9b:-29A,S:-24S,S:-25H,S:-26N,S:-69H,S:-70V",,N/A,N/A,N/A,N/A,N/A,N/A,N/A,N/A,N/A,N/A,,NA,3000,0,good,0,10,0,good,0,24,26,108.333333,bad,34,29734-29758:13,50,mediocre,13,NA,0,,0,0,good,NA,0,0,good,0,NA,NA,NA,NA,PZ_H,M,69,Yes,No,16,Yes,3,NA,NA,NA,invasive mechanical ventilation,15-34,range,,Immunocompromised,7/22/22,Yes,Cardiovascular disease,Italy,Catanzaro ,Nasopharyngeal swab,"Acute Respiratory Failure, Acute Respiratory Distress Syndrome, virus‚Äêinduced septic shock or multiple organ dysfunction ",Symptomatic,2,Pavia_2024,69,60-69,NA
SRR24920860,22B,22B (BA.5),Omicron,22B,BA.5.2.1,BA.5.2.1,200.694444,bad,87,62,0,0,0,0,67,15,0,0,88709,30,29791,0.995284754,FALSE,"C241T,T670G,C1627T,C2790T,C3037T,A3859G,G4184A,C4321T,C6636T,T6979G,C8802A,C9344T,A9424G,C9448T,C9534T,C10029T,C10198T,G10447A,C10449A,C11442T,G12160A,C12880T,C14408T,G15451A,C15714T,G15836T,C16289T,G17338T,C17410T,C18265T,C19955T,A20055G,G20173A,C21618T,G21987A,T22092A,T22200G,G22203T,T22501C,G22578A,G22599C,C22674T,T22679C,C22686T,A22688G,G22775A,A22786C,G22813T,T22882G,T22917G,G22992A,C22995A,A23013C,A23055G,A23063T,T23075C,C23202A,A23403G,G23463T,C23525T,C23589A,T23599G,C23604A,C23854A,G23948T,C24117T,A24424T,T24469A,C25000T,G25145A,C25584T,C26060T,C26270T,G26529A,C26577G,G26709A,A27038G,C27807T,C27889T,A28271T,C28311T,A28330G,G28881A,G28882A,G28883C,C29085T,A29510C","11288-11296,21633-21641,21765-21770,21992-21994,28362-28370,29734-29759",,,"E:T9I,M:D3N,M:Q19E,M:A63T,N:P13L,N:R203K,N:G204R,N:T271I,N:S413R,ORF1a:S135R,ORF1a:T842I,ORF1a:G1307S,ORF1a:T2124I,ORF1a:T2846N,ORF1a:L3027F,ORF1a:T3090I,ORF1a:T3255I,ORF1a:P3395H,ORF1a:A3726V,ORF1b:P314L,ORF1b:G662S,ORF1b:C790F,ORF1b:A941V,ORF1b:A1291S,ORF1b:R1315C,ORF1b:R1600C,ORF1b:T2163I,ORF1b:V2236I,ORF3a:T223I,ORF9b:P10S,ORF9b:D16G,S:T19I,S:A27S,S:G142D,S:M177K,S:V213G,S:R214L,S:G339D,S:R346T,S:S371F,S:S373P,S:S375F,S:T376A,S:D405N,S:R408S,S:K417N,S:N440K,S:L452R,S:S477N,S:T478K,S:E484A,S:Q498R,S:N501Y,S:Y505H,S:T547K,S:D614G,S:R634L,S:H655Y,S:T676N,S:N679K,S:P681H,S:N764K,S:D796Y,S:A852V,S:Q954H,S:N969K,S:E1195K","N:E31-,N:R32-,N:S33-,ORF1a:S3675-,ORF1a:G3676-,ORF1a:F3677-,ORF9b:E27-,ORF9b:N28-,ORF9b:A29-,S:L24-,S:P25-,S:P26-,S:H69-,S:V70-,S:Y144-",,"G18163A,G23018T","G15451A|21J&23A&21I&23F&23D&23B&22D&21A&22F&23C&23E&rec&23H&23G&24D,G22599C|23A&22E&23F&23D&23B&22D&22F&22A&23C&23E&23H&24B&rec&24G&23G&24H&24I,C23202A|21K","C6636T,C8802A,C9448T,C11442T,G15836T,C16289T,G17338T,C18265T,G20173A,T22092A,G22203T,T22501C,G23463T,C23589A,C24117T,G25145A,C29085T",2,3,17,22,,NODE_0000846,"C1627T,A3859G,C6636T,T6979G,C8802A,C9448T,C11442T,G15451A,G15836T,C16289T,G17338T,G18163A,C18265T,G20173A,T22092A,G22203T,T22501C,G22599C,G23018T,C23202A,G23463T,C23589A,C24117T,G25145A,A27038G,A28330G,C29085T",21992-21994,"N:T271I,ORF1a:T2124I,ORF1a:T2846N,ORF1a:A3726V,ORF1b:G662S,ORF1b:C790F,ORF1b:A941V,ORF1b:A1291S,ORF1b:V1566I,ORF1b:R1600C,ORF1b:V2236I,ORF9b:D16G,S:M177K,S:R214L,S:R346T,S:V486F,S:T547K,S:R634L,S:T676N,S:A852V,S:E1195K",S:Y144-,NODE_0000882,"A3859G,C6636T,T6979G,C8802A,C9448T,C11442T,G15451A,G15836T,C16289T,G17338T,G18163A,C18265T,G20173A,T22092A,G22203T,T22501C,G22599C,G23018T,C23202A,G23463T,C23589A,C24117T,G25145A,C29085T",21992-21994,"N:T271I,ORF1a:T2124I,ORF1a:T2846N,ORF1a:A3726V,ORF1b:G662S,ORF1b:C790F,ORF1b:A941V,ORF1b:A1291S,ORF1b:V1566I,ORF1b:R1600C,ORF1b:V2236I,S:M177K,S:R214L,S:R346T,S:V486F,S:T547K,S:R634L,S:T676N,S:A852V,S:E1195K",S:Y144-,N/A,N/A,N/A,N/A,N/A,N/A,N/A,N/A,N/A,N/A,,NA,3000,0,good,0,10,0,good,0,24,34,141.666667,bad,42,,0,good,0,NA,0,,0,0,good,NA,0,0,good,0,NA,NA,NA,NA,P5,NA,50,Yes,Yes,86,Yes,3,NA,Remdesiver,NA,High-flow oxygen,32.7,exact,,Immunocompromised,10/14/22,Yes,Organ Transplant,Japan,Chiba,Nasopharyngeal swab,sore throat and fever,Symptomatic,3,Igari_2024,50,50-59,antivirals
SRR24920861,22B,22B (BA.5),Omicron,22B,BA.5.2.1,BA.5.2.1,146.006944,bad,85,62,0,0,0,0,62,15,0,0,88729,27,29792,0.99541852,FALSE,"C241T,T670G,C1627T,C2790T,C3037T,A3859G,G4184A,C4321T,C4990T,C6636T,T6979G,T8431C,C9344T,A9424G,C9448T,C9534T,C10029T,C10198T,G10447A,C10449A,C11442T,G12160A,C12880T,C14408T,G15451A,C15714T,G15836T,C16289T,C17410T,C18265T,C19955T,A20055G,C21618T,G21987A,T22200G,G22203T,T22501C,G22578A,G22599C,C22674T,T22679C,C22686T,A22688G,A22728G,G22775A,A22786C,G22813T,T22882G,T22917G,G22992A,C22995A,A23013C,A23055G,A23063T,T23075C,A23403G,T23487G,C23525T,C23589A,T23599G,C23604A,C23854A,G23948T,C24023T,A24424T,T24469A,C25000T,G25145A,C25584T,C26060T,C26270T,G26529A,C26577G,G26709A,A27038G,C27807T,C27889T,C27999T,A28271T,C28311T,A28330G,G28881A,G28882A,G28883C,A29510C","11288-11296,21633-21641,21765-21770,21992-21994,28362-28370,29734-29759",,,"E:T9I,M:D3N,M:Q19E,M:A63T,N:P13L,N:R203K,N:G204R,N:S413R,ORF1a:S135R,ORF1a:T842I,ORF1a:G1307S,ORF1a:T2124I,ORF1a:L3027F,ORF1a:T3090I,ORF1a:T3255I,ORF1a:P3395H,ORF1a:A3726V,ORF1b:P314L,ORF1b:G662S,ORF1b:C790F,ORF1b:A941V,ORF1b:R1315C,ORF1b:R1600C,ORF1b:T2163I,ORF3a:T223I,ORF8:P36S,ORF9b:P10S,ORF9b:D16G,S:T19I,S:A27S,S:G142D,S:V213G,S:R214L,S:G339D,S:R346T,S:S371F,S:S373P,S:S375F,S:T376A,S:D389G,S:D405N,S:R408S,S:K417N,S:N440K,S:L452R,S:S477N,S:T478K,S:E484A,S:Q498R,S:N501Y,S:Y505H,S:D614G,S:V642G,S:H655Y,S:T676N,S:N679K,S:P681H,S:N764K,S:D796Y,S:Q954H,S:N969K,S:E1195K","N:E31-,N:R32-,N:S33-,ORF1a:S3675-,ORF1a:G3676-,ORF1a:F3677-,ORF9b:E27-,ORF9b:N28-,ORF9b:A29-,S:L24-,S:P25-,S:P26-,S:H69-,S:V70-,S:Y144-",,"G18163A,G23018T","G15451A|21J&23A&21I&23F&23D&23B&22D&21A&22F&23C&23E&rec&23H&23G&24D,G22599C|23A&22E&23F&23D&23B&22D&22F&22A&23C&23E&23H&24B&rec&24G&23G&24H&24I","C4990T,C6636T,T8431C,C9448T,C11442T,G15836T,C16289T,C18265T,G22203T,T22501C,A22728G,T23487G,C23589A,C24023T,G25145A,C27999T",2,2,16,20,,NODE_0000846,"C1627T,A3859G,C4990T,C6636T,T6979G,T8431C,C9448T,C11442T,G15451A,G15836T,C16289T,G18163A,C18265T,G22203T,T22501C,G22599C,A22728G,G23018T,T23487G,C23589A,C24023T,G25145A,A27038G,C27999T,A28330G",21992-21994,"ORF1a:T2124I,ORF1a:A3726V,ORF1b:G662S,ORF1b:C790F,ORF1b:A941V,ORF1b:V1566I,ORF1b:R1600C,ORF8:P36S,ORF9b:D16G,S:R214L,S:R346T,S:D389G,S:V486F,S:V642G,S:T676N,S:E1195K",S:Y144-,NODE_0000882,"A3859G,C4990T,C6636T,T6979G,T8431C,C9448T,C11442T,G15451A,G15836T,C16289T,G18163A,C18265T,G22203T,T22501C,G22599C,A22728G,G23018T,T23487G,C23589A,C24023T,G25145A,C27999T",21992-21994,"ORF1a:T2124I,ORF1a:A3726V,ORF1b:G662S,ORF1b:C790F,ORF1b:A941V,ORF1b:V1566I,ORF1b:R1600C,ORF8:P36S,S:R214L,S:R346T,S:D389G,S:V486F,S:V642G,S:T676N,S:E1195K",S:Y144-,N/A,N/A,N/A,N/A,N/A,N/A,N/A,N/A,N/A,N/A,,NA,3000,0,good,0,10,0,good,0,24,29,120.833333,bad,37,,0,good,0,NA,0,,0,0,good,NA,0,0,good,0,NA,NA,NA,NA,P5,NA,50,Yes,Yes,83,Yes,3,NA,Remdesiver,NA,High-flow oxygen,27.7,exact,,Immunocompromised,10/11/22,Yes,Organ Transplant,Japan,Chiba,Nasopharyngeal swab,sore throat and fever,Symptomatic,3,Igari_2024,50,50-59,antivirals
SRR24920862,22B,22B (BA.5),Omicron,22B,BA.5.2.1,BA.5.2.1,146.006944,bad,85,62,0,0,0,0,64,15,0,0,88717,31,29792,0.995284754,FALSE,"C241T,T670G,C1627T,C2790T,C3037T,A3859G,G4184A,C4321T,C6636T,T6979G,T8431C,C9344T,A9424G,C9448T,C9534T,C10029T,C10198T,G10447A,C10449A,C11442T,G12160A,C12880T,C14408T,G15451A,C15714T,G15836T,C16289T,C17410T,C18265T,C19955T,A20055G,G20326A,C21618T,G21987A,G22103A,T22200G,G22203T,T22501C,G22578A,G22599C,C22674T,T22679C,C22686T,A22688G,A22728G,G22775A,A22786C,G22813T,T22882G,T22917G,G22992A,C22995A,A23013C,A23055G,A23063T,T23075C,A23403G,T23487G,C23525T,C23589A,T23599G,C23604A,C23854A,G23948T,A24424T,T24469A,C25000T,G25145A,C25584T,C26060T,C26270T,G26529A,C26577G,G26709A,A27038G,C27807T,C27889T,C28087A,A28271T,C28311T,A28330G,G28881A,G28882A,G28883C,A29510C","11288-11296,21633-21641,21765-21770,21992-21994,28362-28370,29734-29759",,,"E:T9I,M:D3N,M:Q19E,M:A63T,N:P13L,N:R203K,N:G204R,N:S413R,ORF1a:S135R,ORF1a:T842I,ORF1a:G1307S,ORF1a:T2124I,ORF1a:L3027F,ORF1a:T3090I,ORF1a:T3255I,ORF1a:P3395H,ORF1a:A3726V,ORF1b:P314L,ORF1b:G662S,ORF1b:C790F,ORF1b:A941V,ORF1b:R1315C,ORF1b:R1600C,ORF1b:T2163I,ORF1b:V2287I,ORF3a:T223I,ORF8:A65D,ORF9b:P10S,ORF9b:D16G,S:T19I,S:A27S,S:G142D,S:G181R,S:V213G,S:R214L,S:G339D,S:R346T,S:S371F,S:S373P,S:S375F,S:T376A,S:D389G,S:D405N,S:R408S,S:K417N,S:N440K,S:L452R,S:S477N,S:T478K,S:E484A,S:Q498R,S:N501Y,S:Y505H,S:D614G,S:V642G,S:H655Y,S:T676N,S:N679K,S:P681H,S:N764K,S:D796Y,S:Q954H,S:N969K,S:E1195K","N:E31-,N:R32-,N:S33-,ORF1a:S3675-,ORF1a:G3676-,ORF1a:F3677-,ORF9b:E27-,ORF9b:N28-,ORF9b:A29-,S:L24-,S:P25-,S:P26-,S:H69-,S:V70-,S:Y144-",,"G18163A,G23018T","G15451A|21J&23A&21I&23F&23D&23B&22D&21A&22F&23C&23E&rec&23H&23G&24D,G22599C|23A&22E&23F&23D&23B&22D&22F&22A&23C&23E&23H&24B&rec&24G&23G&24H&24I","C6636T,T8431C,C9448T,C11442T,G15836T,C16289T,C18265T,G20326A,G22103A,G22203T,T22501C,A22728G,T23487G,C23589A,G25145A,C28087A",2,2,16,20,,NODE_0000846,"C1627T,A3859G,C6636T,T6979G,T8431C,C9448T,C11442T,G15451A,G15836T,C16289T,G18163A,C18265T,G20326A,G22103A,G22203T,T22501C,G22599C,A22728G,G23018T,T23487G,C23589A,G25145A,A27038G,C28087A,A28330G",21992-21994,"ORF1a:T2124I,ORF1a:A3726V,ORF1b:G662S,ORF1b:C790F,ORF1b:A941V,ORF1b:V1566I,ORF1b:R1600C,ORF1b:V2287I,ORF8:A65D,ORF9b:D16G,S:G181R,S:R214L,S:R346T,S:D389G,S:V486F,S:V642G,S:T676N,S:E1195K",S:Y144-,NODE_0000882,"A3859G,C6636T,T6979G,T8431C,C9448T,C11442T,G15451A,G15836T,C16289T,G18163A,C18265T,G20326A,G22103A,G22203T,T22501C,G22599C,A22728G,G23018T,T23487G,C23589A,G25145A,C28087A",21992-21994,"ORF1a:T2124I,ORF1a:A3726V,ORF1b:G662S,ORF1b:C790F,ORF1b:A941V,ORF1b:V1566I,ORF1b:R1600C,ORF1b:V2287I,ORF8:A65D,S:G181R,S:R214L,S:R346T,S:D389G,S:V486F,S:V642G,S:T676N,S:E1195K",S:Y144-,N/A,N/A,N/A,N/A,N/A,N/A,N/A,N/A,N/A,N/A,,NA,3000,0,good,0,10,0,good,0,24,29,120.833333,bad,37,,0,good,0,NA,0,,0,0,good,NA,0,0,good,0,NA,NA,NA,NA,P5,NA,50,Yes,Yes,78,Yes,3,NA,Remdesiver,NA,High-flow oxygen,28.4,exact,,Immunocompromised,10/6/22,Yes,Organ Transplant,Japan,Chiba,Nasopharyngeal swab,sore throat and fever,Symptomatic,3,Igari_2024,50,50-59,antivirals
SRR24920863,22B,22B (BA.5),Omicron,22B,BA.5.2.1,BA.5.2.1,117.361111,bad,82,62,0,0,0,0,61,15,0,0,88729,30,29791,0.995284754,FALSE,"C241T,T670G,C1627T,C2790T,C3037T,A3859G,G4184A,C4321T,C6636T,T6979G,T8431C,C9344T,A9424G,C9448T,C9534T,C10029T,C10198T,G10447A,C10449A,C11442T,G12160A,C12880T,C14408T,G15451A,C15714T,G15836T,C16289T,C17410T,C18265T,C19955T,A20055G,C21618T,G21987A,T22200G,G22203T,T22501C,G22578A,G22599C,C22674T,T22679C,C22686T,A22688G,A22728G,G22775A,A22786C,G22813T,T22882G,T22917G,G22992A,C22995A,A23013C,A23055G,A23063T,T23075C,A23403G,T23487G,C23525T,C23589A,T23599G,C23604A,C23854A,G23948T,A24424T,T24469A,C25000T,G25145A,C25584T,C26060T,C26270T,G26529A,C26577G,G26709A,A27038G,C27807T,C27889T,A28271T,C28311T,A28330G,G28881A,G28882A,G28883C,A29510C","11288-11296,21633-21641,21765-21770,21992-21994,28362-28370,29734-29759",,,"E:T9I,M:D3N,M:Q19E,M:A63T,N:P13L,N:R203K,N:G204R,N:S413R,ORF1a:S135R,ORF1a:T842I,ORF1a:G1307S,ORF1a:T2124I,ORF1a:L3027F,ORF1a:T3090I,ORF1a:T3255I,ORF1a:P3395H,ORF1a:A3726V,ORF1b:P314L,ORF1b:G662S,ORF1b:C790F,ORF1b:A941V,ORF1b:R1315C,ORF1b:R1600C,ORF1b:T2163I,ORF3a:T223I,ORF9b:P10S,ORF9b:D16G,S:T19I,S:A27S,S:G142D,S:V213G,S:R214L,S:G339D,S:R346T,S:S371F,S:S373P,S:S375F,S:T376A,S:D389G,S:D405N,S:R408S,S:K417N,S:N440K,S:L452R,S:S477N,S:T478K,S:E484A,S:Q498R,S:N501Y,S:Y505H,S:D614G,S:V642G,S:H655Y,S:T676N,S:N679K,S:P681H,S:N764K,S:D796Y,S:Q954H,S:N969K,S:E1195K","N:E31-,N:R32-,N:S33-,ORF1a:S3675-,ORF1a:G3676-,ORF1a:F3677-,ORF9b:E27-,ORF9b:N28-,ORF9b:A29-,S:L24-,S:P25-,S:P26-,S:H69-,S:V70-,S:Y144-",,"G18163A,G23018T","G15451A|21J&23A&21I&23F&23D&23B&22D&21A&22F&23C&23E&rec&23H&23G&24D,G22599C|23A&22E&23F&23D&23B&22D&22F&22A&23C&23E&23H&24B&rec&24G&23G&24H&24I","C6636T,T8431C,C9448T,C11442T,G15836T,C16289T,C18265T,G22203T,T22501C,A22728G,T23487G,C23589A,G25145A",2,2,13,17,,NODE_0000846,"C1627T,A3859G,C6636T,T6979G,T8431C,C9448T,C11442T,G15451A,G15836T,C16289T,G18163A,C18265T,G22203T,T22501C,G22599C,A22728G,G23018T,T23487G,C23589A,G25145A,A27038G,A28330G",21992-21994,"ORF1a:T2124I,ORF1a:A3726V,ORF1b:G662S,ORF1b:C790F,ORF1b:A941V,ORF1b:V1566I,ORF1b:R1600C,ORF9b:D16G,S:R214L,S:R346T,S:D389G,S:V486F,S:V642G,S:T676N,S:E1195K",S:Y144-,NODE_0000882,"A3859G,C6636T,T6979G,T8431C,C9448T,C11442T,G15451A,G15836T,C16289T,G18163A,C18265T,G22203T,T22501C,G22599C,A22728G,G23018T,T23487G,C23589A,G25145A",21992-21994,"ORF1a:T2124I,ORF1a:A3726V,ORF1b:G662S,ORF1b:C790F,ORF1b:A941V,ORF1b:V1566I,ORF1b:R1600C,S:R214L,S:R346T,S:D389G,S:V486F,S:V642G,S:T676N,S:E1195K",S:Y144-,N/A,N/A,N/A,N/A,N/A,N/A,N/A,N/A,N/A,N/A,,NA,3000,0,good,0,10,0,good,0,24,26,108.333333,bad,34,,0,good,0,NA,0,,0,0,good,NA,0,0,good,0,NA,NA,NA,NA,P5,NA,50,Yes,Yes,75,Yes,3,NA,Remdesiver,NA,High-flow oxygen,27.5,exact,,Immunocompromised,10/3/22,Yes,Organ Transplant,Japan,Chiba,Nasopharyngeal swab,sore throat and fever,Symptomatic,3,Igari_2024,50,50-59,antivirals
SRR24920864,22B,22B (BA.5),Omicron,22B,BA.5.2.1,BA.5.2.1,108.506944,bad,81,62,0,0,0,0,60,15,0,0,88730,31,29791,0.995251313,FALSE,"C241T,T670G,C1627T,C2790T,C3037T,A3859G,G4184A,C4321T,C6636T,T6979G,T8431C,C9344T,A9424G,C9448T,C9534T,C10029T,C10198T,G10447A,C10449A,C11442T,G12160A,C12880T,C14408T,G15451A,C15714T,G15836T,C16289T,C17410T,C18265T,C19955T,A20055G,C21618T,G21987A,T22200G,G22203T,T22501C,G22578A,G22599C,C22674T,T22679C,C22686T,A22688G,G22775A,A22786C,G22813T,T22882G,T22917G,G22992A,C22995A,A23013C,A23055G,A23063T,T23075C,A23403G,T23487G,C23525T,C23589A,T23599G,C23604A,C23854A,G23948T,A24424T,T24469A,C25000T,G25145A,C25584T,C26060T,C26270T,G26529A,C26577G,G26709A,A27038G,C27807T,C27889T,A28271T,C28311T,A28330G,G28881A,G28882A,G28883C,A29510C","11288-11296,21633-21641,21765-21770,21992-21994,28362-28370,29734-29759",,,"E:T9I,M:D3N,M:Q19E,M:A63T,N:P13L,N:R203K,N:G204R,N:S413R,ORF1a:S135R,ORF1a:T842I,ORF1a:G1307S,ORF1a:T2124I,ORF1a:L3027F,ORF1a:T3090I,ORF1a:T3255I,ORF1a:P3395H,ORF1a:A3726V,ORF1b:P314L,ORF1b:G662S,ORF1b:C790F,ORF1b:A941V,ORF1b:R1315C,ORF1b:R1600C,ORF1b:T2163I,ORF3a:T223I,ORF9b:P10S,ORF9b:D16G,S:T19I,S:A27S,S:G142D,S:V213G,S:R214L,S:G339D,S:R346T,S:S371F,S:S373P,S:S375F,S:T376A,S:D405N,S:R408S,S:K417N,S:N440K,S:L452R,S:S477N,S:T478K,S:E484A,S:Q498R,S:N501Y,S:Y505H,S:D614G,S:V642G,S:H655Y,S:T676N,S:N679K,S:P681H,S:N764K,S:D796Y,S:Q954H,S:N969K,S:E1195K","N:E31-,N:R32-,N:S33-,ORF1a:S3675-,ORF1a:G3676-,ORF1a:F3677-,ORF9b:E27-,ORF9b:N28-,ORF9b:A29-,S:L24-,S:P25-,S:P26-,S:H69-,S:V70-,S:Y144-",,"G18163A,G23018T","G15451A|21J&23A&21I&23F&23D&23B&22D&21A&22F&23C&23E&rec&23H&23G&24D,G22599C|23A&22E&23F&23D&23B&22D&22F&22A&23C&23E&23H&24B&rec&24G&23G&24H&24I","C6636T,T8431C,C9448T,C11442T,G15836T,C16289T,C18265T,G22203T,T22501C,T23487G,C23589A,G25145A",2,2,12,16,,NODE_0000846,"C1627T,A3859G,C6636T,T6979G,T8431C,C9448T,C11442T,G15451A,G15836T,C16289T,G18163A,C18265T,G22203T,T22501C,G22599C,G23018T,T23487G,C23589A,G25145A,A27038G,A28330G",21992-21994,"ORF1a:T2124I,ORF1a:A3726V,ORF1b:G662S,ORF1b:C790F,ORF1b:A941V,ORF1b:V1566I,ORF1b:R1600C,ORF9b:D16G,S:R214L,S:R346T,S:V486F,S:V642G,S:T676N,S:E1195K",S:Y144-,NODE_0000882,"A3859G,C6636T,T6979G,T8431C,C9448T,C11442T,G15451A,G15836T,C16289T,G18163A,C18265T,G22203T,T22501C,G22599C,G23018T,T23487G,C23589A,G25145A",21992-21994,"ORF1a:T2124I,ORF1a:A3726V,ORF1b:G662S,ORF1b:C790F,ORF1b:A941V,ORF1b:V1566I,ORF1b:R1600C,S:R214L,S:R346T,S:V486F,S:V642G,S:T676N,S:E1195K",S:Y144-,N/A,N/A,N/A,N/A,N/A,N/A,N/A,N/A,N/A,N/A,,NA,3000,0,good,0,10,0,good,0,24,25,104.166667,bad,33,,0,good,0,NA,0,,0,0,good,NA,0,0,good,0,NA,NA,NA,NA,P5,NA,50,Yes,Yes,62,Yes,3,NA,Remdesiver,NA,High-flow oxygen,26.5,exact,,Immunocompromised,9/20/22,Yes,Organ Transplant,Japan,Chiba,Nasopharyngeal swab,sore throat and fever,Symptomatic,3,Igari_2024,50,50-59,antivirals
SRR24920865,22B,22B (BA.5),Omicron,22B,BA.5.2.1,BA.5.2.1,0.694444,good,72,132,0,0,0,0,53,14,0,0,88893,31,29903,0.998996756,FALSE,"C241T,T670G,C1627T,C2790T,C3037T,A3859G,G4184A,C4321T,T6979G,C9344T,A9424G,C9448T,C9534T,C10029T,C10198T,G10447A,C10449A,C11442T,G12160A,C12880T,C14408T,C15714T,G15822T,C17410T,A18163G,C19955T,A20055G,C21618T,G21987A,T22200G,G22578A,C22674T,T22679C,C22686T,A22688G,G22775A,A22786C,G22813T,T22882G,T22917G,G22992A,C22995A,A23013C,T23018G,A23055G,A23063T,T23075C,A23403G,C23525T,T23599G,C23604A,C23854A,G23948T,A24424T,T24469A,C25000T,C25584T,C26060T,C26270T,G26529A,C26577G,G26709A,A27038G,C27807T,C27889T,A28271T,C28311T,A28330G,G28881A,G28882A,G28883C,A29510C","11288-11296,21633-21641,21765-21770,28362-28370,29734-29759,29792-29864",,,"E:T9I,M:D3N,M:Q19E,M:A63T,N:P13L,N:R203K,N:G204R,N:S413R,ORF1a:S135R,ORF1a:T842I,ORF1a:G1307S,ORF1a:L3027F,ORF1a:T3090I,ORF1a:T3255I,ORF1a:P3395H,ORF1a:A3726V,ORF1b:P314L,ORF1b:M785I,ORF1b:R1315C,ORF1b:I1566V,ORF1b:T2163I,ORF3a:T223I,ORF9b:P10S,ORF9b:D16G,S:T19I,S:A27S,S:G142D,S:V213G,S:G339D,S:S371F,S:S373P,S:S375F,S:T376A,S:D405N,S:R408S,S:K417N,S:N440K,S:L452R,S:S477N,S:T478K,S:E484A,S:F486V,S:Q498R,S:N501Y,S:Y505H,S:D614G,S:H655Y,S:N679K,S:P681H,S:N764K,S:D796Y,S:Q954H,S:N969K","N:E31-,N:R32-,N:S33-,ORF1a:S3675-,ORF1a:G3676-,ORF1a:F3677-,ORF9b:E27-,ORF9b:N28-,ORF9b:A29-,S:L24-,S:P25-,S:P26-,S:H69-,S:V70-",,A29868G,,"C9448T,C11442T,G15822T",1,0,3,4,,NODE_0000846,"C1627T,A3859G,T6979G,C9448T,C11442T,G15822T,A27038G,A28330G,A29868G",29792-29864,"ORF1a:A3726V,ORF1b:M785I,ORF9b:D16G",,NODE_0000882,"A3859G,T6979G,C9448T,C11442T,G15822T,A29868G",29792-29864,"ORF1a:A3726V,ORF1b:M785I",,N/A,N/A,N/A,N/A,N/A,N/A,N/A,N/A,N/A,N/A,,NA,3000,0,good,0,10,0,good,0,24,2,8.333333,good,10,,0,good,0,NA,0,,0,0,good,NA,0,0,good,0,NA,NA,NA,NA,P5,NA,50,Yes,Yes,36,Yes,3,NA,Remdesiver,NA,High-flow oxygen,20.4,exact,,Immunocompromised,8/25/22,Yes,Organ Transplant,Japan,Chiba,Nasopharyngeal swab,sore throat and fever,Symptomatic,3,Igari_2024,50,50-59,antivirals
SRR24920866,22B,22B (BA.5),Omicron,22B,BA.5.2.1,BA.5.2.1,0,good,72,137,0,0,0,0,53,14,0,0,88878,31,29903,0.998996756,FALSE,"C241T,T670G,C1627T,C2790T,C3037T,A3859G,G4184A,C4321T,T6979G,C9344T,A9424G,C9448T,C9534T,C10029T,C10198T,G10447A,C10449A,C11442T,G12160A,C12880T,C14408T,C15714T,G15836T,C17410T,A18163G,C19955T,A20055G,C21618T,G21987A,T22200G,G22578A,C22674T,T22679C,C22686T,A22688G,G22775A,A22786C,G22813T,T22882G,T22917G,G22992A,C22995A,A23013C,T23018G,A23055G,A23063T,T23075C,A23403G,C23525T,T23599G,C23604A,C23854A,G23948T,A24424T,T24469A,C25000T,C25584T,C26060T,C26270T,G26529A,C26577G,G26709A,A27038G,C27807T,C27889T,A28271T,C28311T,A28330G,G28881A,G28882A,G28883C,A29510C","11288-11296,21633-21641,21765-21770,28362-28370,29734-29759,29792-29869",,,"E:T9I,M:D3N,M:Q19E,M:A63T,N:P13L,N:R203K,N:G204R,N:S413R,ORF1a:S135R,ORF1a:T842I,ORF1a:G1307S,ORF1a:L3027F,ORF1a:T3090I,ORF1a:T3255I,ORF1a:P3395H,ORF1a:A3726V,ORF1b:P314L,ORF1b:C790F,ORF1b:R1315C,ORF1b:I1566V,ORF1b:T2163I,ORF3a:T223I,ORF9b:P10S,ORF9b:D16G,S:T19I,S:A27S,S:G142D,S:V213G,S:G339D,S:S371F,S:S373P,S:S375F,S:T376A,S:D405N,S:R408S,S:K417N,S:N440K,S:L452R,S:S477N,S:T478K,S:E484A,S:F486V,S:Q498R,S:N501Y,S:Y505H,S:D614G,S:H655Y,S:N679K,S:P681H,S:N764K,S:D796Y,S:Q954H,S:N969K","N:E31-,N:R32-,N:S33-,ORF1a:S3675-,ORF1a:G3676-,ORF1a:F3677-,ORF9b:E27-,ORF9b:N28-,ORF9b:A29-,S:L24-,S:P25-,S:P26-,S:H69-,S:V70-",,,,"C9448T,C11442T,G15836T",0,0,3,3,,NODE_0000846,"C1627T,A3859G,T6979G,C9448T,C11442T,G15836T,A27038G,A28330G",29792-29869,"ORF1a:A3726V,ORF1b:C790F,ORF9b:D16G",,NODE_0000882,"A3859G,T6979G,C9448T,C11442T,G15836T",29792-29869,"ORF1a:A3726V,ORF1b:C790F",,N/A,N/A,N/A,N/A,N/A,N/A,N/A,N/A,N/A,N/A,,NA,3000,0,good,0,10,0,good,0,24,-4,0,good,4,,0,good,0,NA,0,,0,0,good,NA,0,0,good,0,NA,NA,NA,NA,P5,NA,50,Yes,Yes,29,Yes,3,NA,Remdesiver,NA,High-flow oxygen,24,exact,,Immunocompromised,8/18/22,Yes,Organ Transplant,Japan,Chiba,Nasopharyngeal swab,sore throat and fever,Symptomatic,3,Igari_2024,50,50-59,antivirals
SRR24920867,22B,22B (BA.5),Omicron,22B,BA.5.2.1,BA.5.2.1,0,good,71,59,0,0,0,0,52,14,0,0,88786,31,29791,0.995251313,FALSE,"C241T,T670G,C1627T,C2790T,C3037T,A3859G,G4184A,C4321T,T6979G,C9344T,A9424G,C9448T,C9534T,C10029T,C10198T,G10447A,C10449A,C11442T,G12160A,C12880T,C14408T,C15714T,C17410T,A18163G,C19955T,A20055G,C21618T,G21987A,T22200G,G22578A,C22674T,T22679C,C22686T,A22688G,G22775A,A22786C,G22813T,T22882G,T22917G,G22992A,C22995A,A23013C,T23018G,A23055G,A23063T,T23075C,A23403G,C23525T,T23599G,C23604A,C23854A,G23948T,A24424T,T24469A,C25000T,C25584T,C26060T,C26270T,G26529A,C26577G,G26709A,A27038G,C27807T,C27889T,A28271T,C28311T,A28330G,G28881A,G28882A,G28883C,A29510C","11288-11296,21633-21641,21765-21770,28362-28370,29734-29759",,,"E:T9I,M:D3N,M:Q19E,M:A63T,N:P13L,N:R203K,N:G204R,N:S413R,ORF1a:S135R,ORF1a:T842I,ORF1a:G1307S,ORF1a:L3027F,ORF1a:T3090I,ORF1a:T3255I,ORF1a:P3395H,ORF1a:A3726V,ORF1b:P314L,ORF1b:R1315C,ORF1b:I1566V,ORF1b:T2163I,ORF3a:T223I,ORF9b:P10S,ORF9b:D16G,S:T19I,S:A27S,S:G142D,S:V213G,S:G339D,S:S371F,S:S373P,S:S375F,S:T376A,S:D405N,S:R408S,S:K417N,S:N440K,S:L452R,S:S477N,S:T478K,S:E484A,S:F486V,S:Q498R,S:N501Y,S:Y505H,S:D614G,S:H655Y,S:N679K,S:P681H,S:N764K,S:D796Y,S:Q954H,S:N969K","N:E31-,N:R32-,N:S33-,ORF1a:S3675-,ORF1a:G3676-,ORF1a:F3677-,ORF9b:E27-,ORF9b:N28-,ORF9b:A29-,S:L24-,S:P25-,S:P26-,S:H69-,S:V70-",,,,"C9448T,C11442T",0,0,2,2,,NODE_0000846,"C1627T,A3859G,T6979G,C9448T,C11442T,A27038G,A28330G",,"ORF1a:A3726V,ORF9b:D16G",,NODE_0000882,"A3859G,T6979G,C9448T,C11442T",,ORF1a:A3726V,,N/A,N/A,N/A,N/A,N/A,N/A,N/A,N/A,N/A,N/A,,NA,3000,0,good,0,10,0,good,0,24,-6,0,good,2,,0,good,0,NA,0,,0,0,good,NA,0,0,good,0,NA,NA,NA,NA,P5,NA,50,Yes,Yes,22,Yes,3,NA,Remdesiver,NA,High-flow oxygen,23,exact,,Immunocompromised,8/11/22,Yes,Organ Transplant,Japan,Chiba,Nasopharyngeal swab,sore throat and fever,Symptomatic,3,Igari_2024,50,50-59,antivirals